date,close,high,low,open,volume,adjClose,adjHigh,adjLow,adjOpen,adjVolume,divCash,splitFactor
2018-11-20,8.35,10.5,8.35,10.5,17500,1.67066826730692,2.10084033613445,1.67066826730692,2.10084033613445,87465,0.0,1.0
2018-11-21,10.59,12.17,9.19,9.19,7800,2.11884753901561,2.43497398959584,1.83873549419768,1.83873549419768,38984,0.0,1.0
2018-11-23,9.8,11.0,9.7927,11.0,3019,1.96078431372549,2.20088035214086,1.9593237294918,2.20088035214086,15088,0.0,1.0
2018-11-26,8.38,9.7,7.76,9.7,5000,1.67667066826731,1.94077631052421,1.55262104841937,1.94077631052421,24990,0.0,1.0
2018-11-27,8.96,9.0,8.5,8.8,4400,1.79271708683473,1.80072028811525,1.70068027210884,1.76070428171269,21991,0.0,1.0
2018-11-28,8.97,9.35,8.97,9.34,2900,1.79471788715486,1.87074829931973,1.79471788715486,1.8687474989996,14494,0.0,1.0
2018-11-29,8.13,9.13,7.0,9.04,11500,1.62665066026411,1.82673069227691,1.40056022408964,1.80872348939576,57477,0.0,1.0
2018-11-30,7.85,7.85,7.8,7.8,3400,1.57062825130052,1.57062825130052,1.56062424969988,1.56062424969988,16993,0.0,1.0
2018-12-03,8.44,8.49,7.7,7.7,3400,1.68867547018808,1.69867947178872,1.5406162464986,1.5406162464986,16993,0.0,1.0
2018-12-04,8.1,8.43,7.59,8.43,600,1.62064825930372,1.68667466986795,1.51860744297719,1.68667466986795,2998,0.0,1.0
2018-12-06,8.12,8.25,6.61,6.61,18162,1.62464985994398,1.65066026410564,1.32252901160464,1.32252901160464,90773,0.0,1.0
2018-12-07,8.0,8.25,7.76,7.76,2400,1.60064025610244,1.65066026410564,1.55262104841937,1.55262104841937,11995,0.0,1.0
2018-12-10,6.99,8.0,6.99,7.99,2900,1.39855942376951,1.60064025610244,1.39855942376951,1.59863945578231,14494,0.0,1.0
2018-12-11,7.99,7.99,7.9,7.99,4300,1.59863945578231,1.59863945578231,1.58063225290116,1.59863945578231,21491,0.0,1.0
2018-12-12,8.1,8.1,8.0,8.0,1300,1.62064825930372,1.62064825930372,1.60064025610244,1.60064025610244,6497,0.0,1.0
2018-12-13,8.85,8.88,8.0,8.0,2700,1.77070828331333,1.77671068427371,1.60064025610244,1.60064025610244,13494,0.0,1.0
2018-12-14,8.0,8.65,8.0,8.56,14000,1.60064025610244,1.73069227691076,1.60064025610244,1.71268507402961,69972,0.0,1.0
2018-12-17,7.3767,8.8,7.3767,8.8,3002,1.47593037214886,1.76070428171269,1.47593037214886,1.76070428171269,15003,0.0,1.0
2018-12-18,8.35,8.49,6.78,7.3,12000,1.67066826730692,1.69867947178872,1.35654261704682,1.46058423369348,59976,0.0,1.0
2018-12-19,8.0,8.37,8.0,8.37,3308,1.60064025610244,1.67466986794718,1.60064025610244,1.67466986794718,16533,0.0,1.0
2018-12-20,7.82,8.37,7.82,8.0,5600,1.56462585034014,1.67466986794718,1.56462585034014,1.60064025610244,27988,0.0,1.0
2018-12-21,7.19,7.19,7.19,7.19,1000,1.43857543017207,1.43857543017207,1.43857543017207,1.43857543017207,4998,0.0,1.0
2018-12-24,7.3,8.1,7.3,8.1,700,1.46058423369348,1.62064825930372,1.46058423369348,1.62064825930372,3498,0.0,1.0
2018-12-26,7.3,7.3,7.3,7.3,100,1.46058423369348,1.46058423369348,1.46058423369348,1.46058423369348,499,0.0,1.0
2018-12-27,7.31,7.5,6.72,6.72,2600,1.46258503401361,1.50060024009604,1.34453781512605,1.34453781512605,12994,0.0,1.0
2018-12-28,6.7,6.77,5.63,6.7,3090,1.34053621448579,1.35454181672669,1.12645058023209,1.34053621448579,15443,0.0,1.0
2018-12-31,7.45,7.45,7.45,7.45,255,1.4905962384954,1.4905962384954,1.4905962384954,1.4905962384954,1274,0.0,1.0
2019-01-02,7.1,7.1,6.8,6.8,307,1.42056822729092,1.42056822729092,1.36054421768707,1.36054421768707,1534,0.0,1.0
2019-01-03,7.1,7.1,7.1,7.1,0,1.42056822729092,1.42056822729092,1.42056822729092,1.42056822729092,0,0.0,1.0
2019-01-04,7.0,7.02,7.0,7.02,1200,1.40056022408964,1.40456182472989,1.40056022408964,1.40456182472989,5997,0.0,1.0
2019-01-07,6.75,6.75,6.75,6.75,300,1.35054021608643,1.35054021608643,1.35054021608643,1.35054021608643,1499,0.0,1.0
2019-01-08,7.0,7.44,6.75,6.75,3700,1.40056022408964,1.48859543817527,1.35054021608643,1.35054021608643,18492,0.0,1.0
2019-01-09,6.99,6.99,6.99,6.99,800,1.39855942376951,1.39855942376951,1.39855942376951,1.39855942376951,3998,0.0,1.0
2019-01-10,6.99,6.99,6.99,6.99,0,1.39855942376951,1.39855942376951,1.39855942376951,1.39855942376951,0,0.0,1.0
2019-01-11,6.64,7.29,6.64,6.64,500,1.32853141256503,1.45858343337335,1.32853141256503,1.32853141256503,2499,0.0,1.0
2019-01-14,6.64,6.64,6.64,6.64,0,1.32853141256503,1.32853141256503,1.32853141256503,1.32853141256503,0,0.0,1.0
2019-01-15,6.64,6.64,6.64,6.64,192,1.32853141256503,1.32853141256503,1.32853141256503,1.32853141256503,959,0.0,1.0
2019-01-16,6.64,6.64,6.64,6.64,1,1.32853141256503,1.32853141256503,1.32853141256503,1.32853141256503,4,0.0,1.0
2019-01-17,6.53,7.23,6.53,7.23,500,1.30652260904362,1.44657863145258,1.30652260904362,1.44657863145258,2499,0.0,1.0
2019-01-18,6.95,6.95,6.95,6.95,200,1.390556222489,1.390556222489,1.390556222489,1.390556222489,999,0.0,1.0
2019-01-22,6.3253,6.3253,6.3253,6.3253,103,1.2655662264906,1.2655662264906,1.2655662264906,1.2655662264906,514,0.0,1.0
2019-01-23,5.56,6.35,5.16,6.35,2500,1.1124449779912,1.27050820328131,1.03241296518607,1.27050820328131,12495,0.0,1.0
2019-01-24,5.94,5.94,5.94,5.94,200,1.18847539015606,1.18847539015606,1.18847539015606,1.18847539015606,999,0.0,1.0
2019-01-25,6.75,6.97,6.5,6.5,9600,1.35054021608643,1.39455782312925,1.30052020808323,1.30052020808323,47980,0.0,1.0
2019-01-28,7.0,7.0,6.75,6.75,8400,1.40056022408964,1.40056022408964,1.35054021608643,1.35054021608643,41983,0.0,1.0
2019-01-29,6.5,7.0,6.5,7.0,4900,1.30052020808323,1.40056022408964,1.30052020808323,1.40056022408964,24490,0.0,1.0
2019-01-30,6.5,6.5,6.5,6.5,100,1.30052020808323,1.30052020808323,1.30052020808323,1.30052020808323,499,0.0,1.0
2019-01-31,6.75,6.75,6.75,6.75,300,1.35054021608643,1.35054021608643,1.35054021608643,1.35054021608643,1499,0.0,1.0
2019-02-01,6.75,6.75,6.75,6.75,100,1.35054021608643,1.35054021608643,1.35054021608643,1.35054021608643,499,0.0,1.0
2019-02-04,6.75,6.75,6.75,6.75,100,1.35054021608643,1.35054021608643,1.35054021608643,1.35054021608643,499,0.0,1.0
2019-02-05,6.75,6.75,6.75,6.75,100,1.35054021608643,1.35054021608643,1.35054021608643,1.35054021608643,499,0.0,1.0
2019-02-06,6.55,6.55,6.55,6.55,300,1.31052420968387,1.31052420968387,1.31052420968387,1.31052420968387,1499,0.0,1.0
2019-02-07,6.5,6.55,6.5,6.54,3000,1.30052020808323,1.31052420968387,1.30052020808323,1.30852340936375,14994,0.0,1.0
2019-02-08,6.5,6.5,6.5,6.5,100,1.30052020808323,1.30052020808323,1.30052020808323,1.30052020808323,499,0.0,1.0
2019-02-11,6.14,6.14,6.14,6.14,100,1.22849139655862,1.22849139655862,1.22849139655862,1.22849139655862,499,0.0,1.0
2019-02-12,6.0,6.15,6.0,6.15,2400,1.20048019207683,1.23049219687875,1.20048019207683,1.23049219687875,11995,0.0,1.0
2019-02-13,5.7,6.01,5.67,6.01,5000,1.14045618247299,1.20248099239696,1.13445378151261,1.20248099239696,24990,0.0,1.0
2019-02-14,5.95,5.95,5.21,5.85,2500,1.19047619047619,1.19047619047619,1.04241696678671,1.17046818727491,12495,0.0,1.0
2019-02-15,6.05,6.05,6.05,6.05,1000,1.21048419367747,1.21048419367747,1.21048419367747,1.21048419367747,4998,0.0,1.0
2019-02-19,5.95,5.95,5.95,5.95,100,1.19047619047619,1.19047619047619,1.19047619047619,1.19047619047619,499,0.0,1.0
2019-02-20,5.95,5.95,5.95,5.95,0,1.19047619047619,1.19047619047619,1.19047619047619,1.19047619047619,0,0.0,1.0
2019-02-21,5.98,6.48,5.05,5.11,4842,1.19647859143657,1.29651860744298,1.01040416166467,1.02240896358543,24200,0.0,1.0
2019-02-22,5.8,6.5,5.8,6.0,600,1.16046418567427,1.30052020808323,1.16046418567427,1.20048019207683,2998,0.0,1.0
2019-02-25,5.81,5.81,5.53,5.53,500,1.1624649859944,1.1624649859944,1.10644257703081,1.10644257703081,2499,0.0,1.0
2019-02-26,5.98,5.98,5.8,5.8,500,1.19647859143657,1.19647859143657,1.16046418567427,1.16046418567427,2499,0.0,1.0
2019-02-27,5.98,5.98,5.98,5.98,100,1.19647859143657,1.19647859143657,1.19647859143657,1.19647859143657,499,0.0,1.0
2019-02-28,5.98,5.98,5.98,5.98,100,1.19647859143657,1.19647859143657,1.19647859143657,1.19647859143657,499,0.0,1.0
2019-03-01,5.0,5.68,5.0,5.68,4200,1.00040016006403,1.13645458183273,1.00040016006403,1.13645458183273,20991,0.0,1.0
2019-03-04,5.0,5.0,5.0,5.0,200,1.00040016006403,1.00040016006403,1.00040016006403,1.00040016006403,999,0.0,1.0
2019-03-05,5.0,5.0,5.0,5.0,100,1.00040016006403,1.00040016006403,1.00040016006403,1.00040016006403,499,0.0,1.0
2019-03-06,5.6,5.6,5.6,5.6,100,1.12044817927171,1.12044817927171,1.12044817927171,1.12044817927171,499,0.0,1.0
2019-03-07,5.6,6.16,5.6,5.6,300,1.12044817927171,1.23249299719888,1.12044817927171,1.12044817927171,1499,0.0,1.0
2019-03-08,5.6,5.6,5.6,5.6,100,1.12044817927171,1.12044817927171,1.12044817927171,1.12044817927171,499,0.0,1.0
2019-03-11,5.6,5.6,5.6,5.6,100,1.12044817927171,1.12044817927171,1.12044817927171,1.12044817927171,499,0.0,1.0
2019-03-12,5.6,5.6,5.6,5.6,100,1.12044817927171,1.12044817927171,1.12044817927171,1.12044817927171,499,0.0,1.0
2019-03-13,5.6,5.6,5.6,5.6,100,1.12044817927171,1.12044817927171,1.12044817927171,1.12044817927171,499,0.0,1.0
2019-03-14,5.6,5.6,5.6,5.6,0,1.12044817927171,1.12044817927171,1.12044817927171,1.12044817927171,0,0.0,1.0
2019-03-15,5.3,5.3,5.3,5.3,100,1.06042416966787,1.06042416966787,1.06042416966787,1.06042416966787,499,0.0,1.0
2019-03-18,5.3,5.3,5.3,5.3,100,1.06042416966787,1.06042416966787,1.06042416966787,1.06042416966787,499,0.0,1.0
2019-03-19,5.0,5.0,5.0,5.0,258,1.00040016006403,1.00040016006403,1.00040016006403,1.00040016006403,1289,0.0,1.0
2019-03-20,5.0,5.0,5.0,5.0,100,1.00040016006403,1.00040016006403,1.00040016006403,1.00040016006403,499,0.0,1.0
2019-03-21,5.81,6.46,5.81,6.46,1000,1.1624649859944,1.29251700680272,1.1624649859944,1.29251700680272,4998,0.0,1.0
2019-03-22,5.81,5.81,5.81,5.81,100,1.1624649859944,1.1624649859944,1.1624649859944,1.1624649859944,499,0.0,1.0
2019-03-25,6.09,6.09,6.09,6.09,200,1.21848739495798,1.21848739495798,1.21848739495798,1.21848739495798,999,0.0,1.0
2019-03-26,6.0,6.21,6.0,6.0,4400,1.20048019207683,1.24249699879952,1.20048019207683,1.20048019207683,21991,0.0,1.0
2019-03-27,6.0,6.0,6.0,6.0,100,1.20048019207683,1.20048019207683,1.20048019207683,1.20048019207683,499,0.0,1.0
2019-03-28,5.92,5.92,5.92,5.92,100,1.18447378951581,1.18447378951581,1.18447378951581,1.18447378951581,499,0.0,1.0
2019-03-29,6.05,7.6,6.05,6.25,3700,1.21048419367747,1.52060824329732,1.21048419367747,1.25050020008003,18492,0.0,1.0
2019-04-01,5.5,5.5,5.0,5.02,1600,1.10044017607043,1.10044017607043,1.00040016006403,1.00440176070428,7996,0.0,1.0
2019-04-02,5.73,5.73,5.73,5.73,1100,1.14645858343337,1.14645858343337,1.14645858343337,1.14645858343337,5497,0.0,1.0
2019-04-03,6.83,7.87,6.5,6.5,3700,1.36654661864746,1.57462985194078,1.30052020808323,1.30052020808323,18492,0.0,1.0
2019-04-04,7.65,8.04,6.01,7.92,15800,1.53061224489796,1.60864345738295,1.20248099239696,1.58463385354142,78968,0.0,1.0
2019-04-05,7.29,8.02,7.26,8.02,2700,1.45858343337335,1.6046418567427,1.45258103241297,1.6046418567427,13494,0.0,1.0
2019-04-08,7.01,7.96,7.01,7.29,4600,1.40256102440976,1.59263705482193,1.40256102440976,1.45858343337335,22990,0.0,1.0
2019-04-09,7.0,7.65,6.73,7.52,8200,1.40056022408964,1.53061224489796,1.34653861544618,1.50460184073629,40983,0.0,1.0
2019-04-10,6.41,7.32,6.12,6.87,3900,1.28251300520208,1.46458583433373,1.22448979591837,1.37454981992797,19492,0.0,1.0
2019-04-11,6.35,6.5,5.12,6.5,2100,1.27050820328131,1.30052020808323,1.02440976390556,1.30052020808323,10495,0.0,1.0
2019-04-12,6.0,7.28,5.51,5.51,1800,1.20048019207683,1.45658263305322,1.10244097639056,1.10244097639056,8996,0.0,1.0
2019-04-15,6.0,6.0,6.0,6.0,100,1.20048019207683,1.20048019207683,1.20048019207683,1.20048019207683,499,0.0,1.0
2019-04-16,6.0,6.0,6.0,6.0,344,1.20048019207683,1.20048019207683,1.20048019207683,1.20048019207683,1719,0.0,1.0
2019-04-17,6.0,6.0,6.0,6.0,500,1.20048019207683,1.20048019207683,1.20048019207683,1.20048019207683,2499,0.0,1.0
2019-04-18,6.0,6.0,6.0,6.0,100,1.20048019207683,1.20048019207683,1.20048019207683,1.20048019207683,499,0.0,1.0
2019-04-22,6.0,6.0,6.0,6.0,200,1.20048019207683,1.20048019207683,1.20048019207683,1.20048019207683,999,0.0,1.0
2019-04-23,6.0,6.0,6.0,6.0,100,1.20048019207683,1.20048019207683,1.20048019207683,1.20048019207683,499,0.0,1.0
2019-04-24,6.74,6.89,6.25,6.25,1600,1.34853941576631,1.37855142056823,1.25050020008003,1.25050020008003,7996,0.0,1.0
2019-04-25,9.53,9.89,7.05,7.05,45200,1.90676270508203,1.97879151660664,1.41056422569028,1.41056422569028,225909,0.0,1.0
2019-04-26,9.0,9.5768,8.1,9.5,17940,1.80072028811525,1.91612645058023,1.62064825930372,1.90076030412165,89664,0.0,1.0
2019-04-29,7.74,9.5,7.74,9.5,10500,1.54861944777911,1.90076030412165,1.54861944777911,1.90076030412165,52479,0.0,1.0
2019-04-30,8.25,8.94,7.6,8.92,7000,1.65066026410564,1.78871548619448,1.52060824329732,1.78471388555422,34986,0.0,1.0
2019-05-01,8.53,8.74,7.8,8.74,1900,1.70668267306923,1.74869947979192,1.56062424969988,1.74869947979192,9496,0.0,1.0
2019-05-02,8.33,8.71,7.74,8.71,2800,1.66666666666667,1.74269707883153,1.54861944777911,1.74269707883153,13994,0.0,1.0
2019-05-03,8.87,8.94,8.12,8.4,8300,1.77470988395358,1.78871548619448,1.62464985994398,1.68067226890756,41483,0.0,1.0
2019-05-06,8.84,8.9,8.0,8.15,2600,1.7687074829932,1.78071228491397,1.60064025610244,1.63065226090436,12994,0.0,1.0
2019-05-07,8.69,8.88,8.69,8.78,1300,1.73869547819128,1.77671068427371,1.73869547819128,1.75670268107243,6497,0.0,1.0
2019-05-08,7.86,8.7,7.86,8.24,4900,1.57262905162065,1.7406962785114,1.57262905162065,1.64865946378551,24490,0.0,1.0
2019-05-09,8.17,8.44,7.79,8.44,1200,1.63465386154462,1.68867547018808,1.55862344937975,1.68867547018808,5997,0.0,1.0
2019-05-10,8.18,8.18,7.7,7.7,1200,1.63665466186475,1.63665466186475,1.5406162464986,1.5406162464986,5997,0.0,1.0
2019-05-13,7.98,8.12,7.51,7.58,2500,1.59663865546218,1.62464985994398,1.50260104041617,1.51660664265706,12495,0.0,1.0
2019-05-14,7.97,7.97,7.5,7.84,2600,1.59463785514206,1.59463785514206,1.50060024009604,1.56862745098039,12994,0.0,1.0
2019-05-15,8.5,8.5,8.0,8.0,1000,1.70068027210884,1.70068027210884,1.60064025610244,1.60064025610244,4998,0.0,1.0
2019-05-16,8.34,8.52,8.34,8.52,1100,1.66866746698679,1.7046818727491,1.66866746698679,1.7046818727491,5497,0.0,1.0
2019-05-17,8.3,8.44,7.85,8.3,3700,1.66066426570628,1.68867547018808,1.57062825130052,1.66066426570628,18492,0.0,1.0
2019-05-20,7.66,8.22,7.66,8.22,1300,1.53261304521809,1.64465786314526,1.53261304521809,1.64465786314526,6497,0.0,1.0
2019-05-21,8.0,8.01,7.66,7.69,3800,1.60064025610244,1.60264105642257,1.53261304521809,1.53861544617847,18992,0.0,1.0
2019-05-22,7.7,7.99,7.2,7.99,4400,1.5406162464986,1.59863945578231,1.4405762304922,1.59863945578231,21991,0.0,1.0
2019-05-23,7.33,7.5,6.57,6.57,1900,1.46658663465386,1.50060024009604,1.31452581032413,1.31452581032413,9496,0.0,1.0
2019-05-24,7.15,7.48,6.67,7.48,2000,1.43057222889156,1.49659863945578,1.33453381352541,1.49659863945578,9996,0.0,1.0
2019-05-28,7.34,7.34,6.7,7.0,500,1.46858743497399,1.46858743497399,1.34053621448579,1.40056022408964,2499,0.0,1.0
2019-05-29,6.42,6.7,6.42,6.7,1100,1.28451380552221,1.34053621448579,1.28451380552221,1.34053621448579,5497,0.0,1.0
2019-05-30,7.03,7.03,6.4,6.55,1300,1.40656262505002,1.40656262505002,1.28051220488195,1.31052420968387,6497,0.0,1.0
2019-05-31,7.03,7.03,7.03,7.03,100,1.40656262505002,1.40656262505002,1.40656262505002,1.40656262505002,499,0.0,1.0
2019-06-03,8.5,9.0,7.0,7.0,2900,1.70068027210884,1.80072028811525,1.40056022408964,1.40056022408964,14494,0.0,1.0
2019-06-04,8.83,10.0,8.094,10.0,2185,1.76670668267307,2.00080032012805,1.61944777911164,2.00080032012805,10920,0.0,1.0
2019-06-05,8.73,10.41,8.01,10.41,7900,1.74669867947179,2.0828331332533,1.60264105642257,2.0828331332533,39484,0.0,1.0
2019-06-06,8.74,8.74,7.95,8.14,1200,1.74869947979192,1.74869947979192,1.5906362545018,1.62865146058423,5997,0.0,1.0
2019-06-07,8.74,8.74,8.74,8.74,82,1.74869947979192,1.74869947979192,1.74869947979192,1.74869947979192,409,0.0,1.0
2019-06-10,9.24,9.87,8.69,8.69,1575,1.84873949579832,1.97478991596639,1.73869547819128,1.73869547819128,7871,0.0,1.0
2019-06-11,9.0,9.25,8.37,8.37,1200,1.80072028811525,1.85074029611845,1.67466986794718,1.67466986794718,5997,0.0,1.0
2019-06-12,9.2,9.47,8.57,8.69,1600,1.84073629451781,1.89475790316126,1.71468587434974,1.73869547819128,7996,0.0,1.0
2019-06-13,8.17,9.15,8.17,8.91,5000,1.63465386154462,1.83073229291717,1.63465386154462,1.78271308523409,24990,0.0,1.0
2019-06-14,8.7,8.9,8.39,8.6,1200,1.7406962785114,1.78071228491397,1.67867146858744,1.72068827531012,5997,0.0,1.0
2019-06-17,8.21,8.38,8.21,8.38,500,1.64265706282513,1.67667066826731,1.64265706282513,1.67667066826731,2499,0.0,1.0
2019-06-18,8.86,8.86,8.2,8.45,1200,1.77270908363345,1.77270908363345,1.640656262505,1.6906762705082,5997,0.0,1.0
2019-06-19,8.7062,8.7062,8.6691,8.6691,827,1.74193677470988,1.74193677470988,1.73451380552221,1.73451380552221,4133,0.0,1.0
2019-06-20,8.65,8.65,8.45,8.45,1616,1.73069227691076,1.73069227691076,1.6906762705082,1.6906762705082,8076,0.0,1.0
2019-06-21,8.94,8.94,8.94,8.94,200,1.78871548619448,1.78871548619448,1.78871548619448,1.78871548619448,999,0.0,1.0
2019-06-24,8.75,9.0,8.55,9.0,1200,1.75070028011204,1.80072028811525,1.71068427370948,1.80072028811525,5997,0.0,1.0
2019-06-25,8.46,9.5,7.93,8.95,28800,1.69267707082833,1.90076030412165,1.58663465386154,1.79071628651461,143942,0.0,1.0
2019-06-26,8.64,10.21,7.96,9.5,7800,1.72869147659064,2.04281712685074,1.59263705482193,1.90076030412165,38984,0.0,1.0
2019-06-27,7.96,8.73,7.96,8.57,2000,1.59263705482193,1.74669867947179,1.59263705482193,1.71468587434974,9996,0.0,1.0
2019-06-28,7.2,8.06,6.2,7.15,9700,1.4405762304922,1.61264505802321,1.24049619847939,1.43057222889156,48480,0.0,1.0
2019-07-01,7.86,7.98,7.1,7.98,3400,1.57262905162065,1.59663865546218,1.42056822729092,1.59663865546218,16993,0.0,1.0
2019-07-02,6.91,7.82,6.91,7.1,2600,1.38255302120848,1.56462585034014,1.38255302120848,1.42056822729092,12994,0.0,1.0
2019-07-03,7.25,8.1,6.73,6.73,2700,1.45058023209284,1.62064825930372,1.34653861544618,1.34653861544618,13494,0.0,1.0
2019-07-05,6.7,7.0,6.7,6.76,3600,1.34053621448579,1.40056022408964,1.34053621448579,1.35254101640656,17992,0.0,1.0
2019-07-08,7.48,7.48,6.79,6.8,2500,1.49659863945578,1.49659863945578,1.35854341736695,1.36054421768707,12495,0.0,1.0
2019-07-09,8.11,8.11,6.9,7.03,2600,1.62264905962385,1.62264905962385,1.38055222088836,1.40656262505002,12994,0.0,1.0
2019-07-10,7.47,7.98,6.5,7.98,3000,1.49459783913565,1.59663865546218,1.30052020808323,1.59663865546218,14994,0.0,1.0
2019-07-11,7.0,7.44,6.66,7.44,2800,1.40056022408964,1.48859543817527,1.33253301320528,1.48859543817527,13994,0.0,1.0
2019-07-12,6.95,6.99,6.61,6.98,1900,1.390556222489,1.39855942376951,1.32252901160464,1.39655862344938,9496,0.0,1.0
2019-07-15,6.79,7.0,6.79,7.0,1000,1.35854341736695,1.40056022408964,1.35854341736695,1.40056022408964,4998,0.0,1.0
2019-07-16,6.5,6.95,6.5,6.95,1000,1.30052020808323,1.390556222489,1.30052020808323,1.390556222489,4998,0.0,1.0
2019-07-17,6.87,6.87,6.5,6.58,1300,1.37454981992797,1.37454981992797,1.30052020808323,1.31652661064426,6497,0.0,1.0
2019-07-18,6.5,6.7,6.21,6.35,3200,1.30052020808323,1.34053621448579,1.24249699879952,1.27050820328131,15993,0.0,1.0
2019-07-19,6.97,6.97,6.9,6.97,4400,1.39455782312925,1.39455782312925,1.38055222088836,1.39455782312925,21991,0.0,1.0
2019-07-22,7.6,7.86,7.0,7.0,6200,1.52060824329732,1.57262905162065,1.40056022408964,1.40056022408964,30987,0.0,1.0
2019-07-23,6.81,7.35,6.81,7.35,500,1.3625450180072,1.47058823529412,1.3625450180072,1.47058823529412,2499,0.0,1.0
2019-07-24,7.6,7.6,6.88,7.6,3200,1.52060824329732,1.52060824329732,1.3765506202481,1.52060824329732,15993,0.0,1.0
2019-07-25,7.59,7.59,7.06,7.44,3000,1.51860744297719,1.51860744297719,1.4125650260104,1.48859543817527,14994,0.0,1.0
2019-07-26,7.24,7.5,7.24,7.5,400,1.44857943177271,1.50060024009604,1.44857943177271,1.50060024009604,1999,0.0,1.0
2019-07-29,7.15,7.25,6.77,7.25,1400,1.43057222889156,1.45058023209284,1.35454181672669,1.45058023209284,6997,0.0,1.0
2019-07-30,7.0,7.0,6.77,6.81,1000,1.40056022408964,1.40056022408964,1.35454181672669,1.3625450180072,4998,0.0,1.0
2019-07-31,7.03,7.03,7.03,7.03,500,1.40656262505002,1.40656262505002,1.40656262505002,1.40656262505002,2499,0.0,1.0
2019-08-01,6.92,6.92,6.92,6.92,600,1.38455382152861,1.38455382152861,1.38455382152861,1.38455382152861,2998,0.0,1.0
2019-08-02,7.35,7.35,6.68,6.75,1100,1.47058823529412,1.47058823529412,1.33653461384554,1.35054021608643,5497,0.0,1.0
2019-08-05,7.35,7.35,7.35,7.35,4,1.47058823529412,1.47058823529412,1.47058823529412,1.47058823529412,19,0.0,1.0
2019-08-06,6.61,7.39,6.61,7.39,6500,1.32252901160464,1.47859143657463,1.32252901160464,1.47859143657463,32487,0.0,1.0
2019-08-07,6.77,6.8,6.76,6.8,1400,1.35454181672669,1.36054421768707,1.35254101640656,1.36054421768707,6997,0.0,1.0
2019-08-08,6.62,7.22,6.22,6.5,3200,1.32452981192477,1.44457783113245,1.24449779911965,1.30052020808323,15993,0.0,1.0
2019-08-09,6.99,6.99,6.99,6.99,600,1.39855942376951,1.39855942376951,1.39855942376951,1.39855942376951,2998,0.0,1.0
2019-08-12,6.62,6.62,6.6,6.61,1500,1.32452981192477,1.32452981192477,1.32052821128451,1.32252901160464,7497,0.0,1.0
2019-08-13,7.0,7.0,7.0,7.0,300,1.40056022408964,1.40056022408964,1.40056022408964,1.40056022408964,1499,0.0,1.0
2019-08-14,6.61,6.8,6.6,6.8,2000,1.32252901160464,1.36054421768707,1.32052821128451,1.36054421768707,9996,0.0,1.0
2019-08-15,6.19,6.7,6.19,6.7,3400,1.23849539815926,1.34053621448579,1.23849539815926,1.34053621448579,16993,0.0,1.0
2019-08-16,6.95,6.95,6.32,6.32,1222,1.390556222489,1.390556222489,1.26450580232093,1.26450580232093,6107,0.0,1.0
2019-08-19,6.95,6.95,6.95,6.95,10,1.390556222489,1.390556222489,1.390556222489,1.390556222489,49,0.0,1.0
2019-08-20,6.95,6.95,6.95,6.95,0,1.390556222489,1.390556222489,1.390556222489,1.390556222489,0,0.0,1.0
2019-08-21,6.44,6.69,6.27,6.27,1300,1.28851540616247,1.33853541416567,1.25450180072029,1.25450180072029,6497,0.0,1.0
2019-08-22,6.44,6.44,6.44,6.44,0,1.28851540616247,1.28851540616247,1.28851540616247,1.28851540616247,0,0.0,1.0
2019-08-23,6.59,6.59,6.59,6.59,200,1.31852741096439,1.31852741096439,1.31852741096439,1.31852741096439,999,0.0,1.0
2019-08-26,6.51,6.8,6.5,6.65,1400,1.30252100840336,1.36054421768707,1.30052020808323,1.33053221288515,6997,0.0,1.0
2019-08-27,6.51,6.51,6.51,6.51,91,1.30252100840336,1.30252100840336,1.30252100840336,1.30252100840336,454,0.0,1.0
2019-08-28,6.512,6.512,6.512,6.512,36,1.30292116846739,1.30292116846739,1.30292116846739,1.30292116846739,179,0.0,1.0
2019-08-29,6.28,6.41,6.12,6.12,1600,1.25650260104042,1.28251300520208,1.22448979591837,1.22448979591837,7996,0.0,1.0
2019-08-30,6.28,6.28,6.28,6.28,33,1.25650260104042,1.25650260104042,1.25650260104042,1.25650260104042,164,0.0,1.0
2019-09-03,7.1,7.5,6.6,6.6,24400,1.42056822729092,1.50060024009604,1.32052821128451,1.32052821128451,121951,0.0,1.0
2019-09-04,7.6,8.1,6.73,7.11,21600,1.52060824329732,1.62064825930372,1.34653861544618,1.42256902761104,107956,0.0,1.0
2019-09-05,7.4,8.16,7.2,8.16,9500,1.48059223689476,1.63265306122449,1.4405762304922,1.63265306122449,47481,0.0,1.0
2019-09-06,7.5,8.0,7.4,8.0,17700,1.50060024009604,1.60064025610244,1.48059223689476,1.60064025610244,88464,0.0,1.0
2019-09-09,7.72,7.74,7.35,7.35,5400,1.54461784713886,1.54861944777911,1.47058823529412,1.47058823529412,26989,0.0,1.0
2019-09-10,7.2,9.03,7.2,7.81,31900,1.4405762304922,1.80672268907563,1.4405762304922,1.56262505002001,159436,0.0,1.0
2019-09-11,7.3,7.46,7.11,7.2,12100,1.46058423369348,1.49259703881553,1.42256902761104,1.4405762304922,60475,0.0,1.0
2019-09-12,7.01,7.15,7.0,7.1,17900,1.40256102440976,1.43057222889156,1.40056022408964,1.42056822729092,89464,0.0,1.0
2019-09-13,7.23,7.76,7.05,7.07,9200,1.44657863145258,1.55262104841937,1.41056422569028,1.41456582633053,45981,0.0,1.0
2019-09-16,7.13,7.46,7.01,7.01,4800,1.4265706282513,1.49259703881553,1.40256102440976,1.40256102440976,23990,0.0,1.0
2019-09-17,6.95,7.42,6.8,7.42,8400,1.390556222489,1.48459383753501,1.36054421768707,1.48459383753501,41983,0.0,1.0
2019-09-18,6.76,6.85,6.53,6.7,1600,1.35254101640656,1.37054821928771,1.30652260904362,1.34053621448579,7996,0.0,1.0
2019-09-19,6.32,6.73,6.13,6.7,5700,1.26450580232093,1.34653861544618,1.2264905962385,1.34053621448579,28488,0.0,1.0
2019-09-20,6.36,6.44,6.25,6.41,2200,1.27250900360144,1.28851540616247,1.25050020008003,1.28251300520208,10995,0.0,1.0
2019-09-23,6.25,6.48,6.1,6.34,11300,1.25050020008003,1.29651860744298,1.22048819527811,1.26850740296118,56477,0.0,1.0
2019-09-24,6.03,6.54,5.96,6.46,15800,1.20648259303721,1.30852340936375,1.19247699079632,1.29251700680272,78968,0.0,1.0
2019-09-25,6.0,6.36,6.0,6.36,7300,1.20048019207683,1.27250900360144,1.20048019207683,1.27250900360144,36485,0.0,1.0
2019-09-26,5.36,6.36,5.31,6.36,24600,1.07242897158864,1.27250900360144,1.062424969988,1.27250900360144,122950,0.0,1.0
2019-09-27,6.25,6.8,5.62,5.62,21400,1.25050020008003,1.36054421768707,1.12444977991196,1.12444977991196,106957,0.0,1.0
2019-09-30,6.16,7.3,5.96,6.91,16900,1.23249299719888,1.46058423369348,1.19247699079632,1.38255302120848,84466,0.0,1.0
2019-10-01,6.48,6.53,6.48,6.53,2200,1.29651860744298,1.30652260904362,1.29651860744298,1.30652260904362,10995,0.0,1.0
2019-10-02,5.48,6.44,5.48,6.44,36600,1.09643857543017,1.28851540616247,1.09643857543017,1.28851540616247,182926,0.0,1.0
2019-10-03,5.18,5.95,5.11,5.95,24200,1.03641456582633,1.19047619047619,1.02240896358543,1.19047619047619,120951,0.0,1.0
2019-10-04,4.74,5.2,3.98,5.2,20900,0.948379351740696,1.04041616646659,0.796318527410964,1.04041616646659,104458,0.0,1.0
2019-10-07,4.89,5.08,4.35,4.9,5800,0.978391356542617,1.01640656262505,0.870348139255702,0.980392156862745,28988,0.0,1.0
2019-10-08,4.56,4.8,4.16,4.54,7400,0.912364945978391,0.960384153661464,0.832332933173269,0.908363345338135,36985,0.0,1.0
2019-10-09,4.31,4.4,4.16,4.4,2100,0.86234493797519,0.880352140856343,0.832332933173269,0.880352140856343,10495,0.0,1.0
2019-10-10,3.45,4.4,3.34,4.21,21300,0.690276110444178,0.880352140856343,0.668267306922769,0.842336934773909,106457,0.0,1.0
2019-10-11,3.8,4.27,3.62,3.64,22400,0.760304121648659,0.854341736694678,0.724289715886354,0.728291316526611,111955,0.0,1.0
2019-10-14,3.66,4.18,3.63,4.18,13000,0.732292917166867,0.836334533813525,0.726290516206483,0.836334533813525,64974,0.0,1.0
2019-10-15,4.11,4.73,3.66,3.66,21800,0.822328931572629,0.946378551420568,0.732292917166867,0.732292917166867,108956,0.0,1.0
2019-10-16,4.98,5.39,4.15,4.49,17700,0.99639855942377,1.07843137254902,0.830332132853141,0.898359343737495,88464,0.0,1.0
2019-10-17,5.52,6.1,4.69,4.91,17000,1.10444177671068,1.22048819527811,0.938375350140056,0.982392957182873,84966,0.0,1.0
2019-10-18,5.94,5.96,5.66,5.93,4000,1.18847539015606,1.19247699079632,1.13245298119248,1.18647458983593,19992,0.0,1.0
2019-10-21,6.07,6.5,5.8,5.81,13000,1.21448579431773,1.30052020808323,1.16046418567427,1.1624649859944,64974,0.0,1.0
2019-10-22,5.57,6.41,5.41,6.22,8300,1.11444577831132,1.28251300520208,1.08243297318928,1.24449779911965,41483,0.0,1.0
2019-10-23,6.09,6.09,5.59,5.59,3300,1.21848739495798,1.21848739495798,1.11844737895158,1.11844737895158,16493,0.0,1.0
2019-10-24,6.07,6.24,5.59,6.24,6100,1.21448579431773,1.2484993997599,1.11844737895158,1.2484993997599,30487,0.0,1.0
2019-10-25,6.22,6.24,6.02,6.02,1100,1.24449779911965,1.2484993997599,1.20448179271709,1.20448179271709,5497,0.0,1.0
2019-10-28,6.1,6.49,6.0,6.49,3700,1.22048819527811,1.29851940776311,1.20048019207683,1.29851940776311,18492,0.0,1.0
2019-10-29,3.59,3.88,3.18,3.18,40600,1.43657462985194,1.55262104841937,1.27250900360144,1.27250900360144,101459,0.0,2.0
2019-10-30,3.12,3.55,3.12,3.55,18600,1.2484993997599,1.42056822729092,1.2484993997599,1.42056822729092,46481,0.0,1.0
2019-10-31,3.06,3.29,3.06,3.07,3500,1.22448979591837,1.31652661064426,1.22448979591837,1.22849139655862,8746,0.0,1.0
2019-11-01,3.05,3.2,3.04,3.04,2900,1.22048819527811,1.28051220488195,1.21648659463786,1.21648659463786,7247,0.0,1.0
2019-11-04,3.0,3.0,2.95,2.95,600,1.20048019207683,1.20048019207683,1.18047218887555,1.18047218887555,1499,0.0,1.0
2019-11-05,3.52,3.52,2.91,2.96,14900,1.40856342537015,1.40856342537015,1.16446578631453,1.18447378951581,37235,0.0,1.0
2019-11-06,2.88,3.3,2.55,3.3,10800,1.15246098439376,1.32052821128451,1.02040816326531,1.32052821128451,26989,0.0,1.0
2019-11-07,2.84,2.89,2.83,2.86,2900,1.13645458183273,1.15646258503401,1.13245298119248,1.14445778311325,7247,0.0,1.0
2019-11-08,2.91,3.06,2.84,3.06,700,1.16446578631453,1.22448979591837,1.13645458183273,1.22448979591837,1749,0.0,1.0
2019-11-11,2.78,2.8,2.62,2.62,1600,1.1124449779912,1.12044817927171,1.0484193677471,1.0484193677471,3998,0.0,1.0
2019-11-12,3.0,3.45,2.76,2.97,10000,1.20048019207683,1.38055222088836,1.10444177671068,1.18847539015606,24990,0.0,1.0
2019-11-13,2.72,2.98,2.66,2.98,2200,1.08843537414966,1.19247699079632,1.06442577030812,1.19247699079632,5497,0.0,1.0
2019-11-14,2.81,2.81,2.81,2.81,900,1.12444977991196,1.12444977991196,1.12444977991196,1.12444977991196,2249,0.0,1.0
2019-11-15,2.86,3.42,2.81,3.42,1800,1.14445778311325,1.36854741896759,1.12444977991196,1.36854741896759,4498,0.0,1.0
2019-11-18,3.01,3.01,2.79,2.8,2800,1.20448179271709,1.20448179271709,1.11644657863145,1.12044817927171,6997,0.0,1.0
2019-11-19,2.79,2.91,2.6,2.78,4000,1.11644657863145,1.16446578631453,1.04041616646659,1.1124449779912,9996,0.0,1.0
2019-11-20,2.81,2.85,2.8,2.85,2200,1.12444977991196,1.14045618247299,1.12044817927171,1.14045618247299,5497,0.0,1.0
2019-11-21,2.7,2.77,2.65,2.65,1400,1.08043217286915,1.10844337735094,1.06042416966787,1.06042416966787,3498,0.0,1.0
2019-11-22,2.79,2.79,2.65,2.65,2800,1.11644657863145,1.11644657863145,1.06042416966787,1.06042416966787,6997,0.0,1.0
2019-11-25,2.8,2.81,2.8,2.81,400,1.12044817927171,1.12444977991196,1.12044817927171,1.12444977991196,999,0.0,1.0
2019-11-26,2.9,2.9,2.9,2.9,2300,1.16046418567427,1.16046418567427,1.16046418567427,1.16046418567427,5747,0.0,1.0
2019-11-27,2.9,2.9,2.9,2.9,87,1.16046418567427,1.16046418567427,1.16046418567427,1.16046418567427,217,0.0,1.0
2019-11-29,2.7,2.7,2.7,2.7,400,1.08043217286915,1.08043217286915,1.08043217286915,1.08043217286915,999,0.0,1.0
2019-12-02,2.66,2.69,2.65,2.65,7100,1.06442577030812,1.07643057222889,1.06042416966787,1.06042416966787,17742,0.0,1.0
2019-12-03,2.85,2.85,2.75,2.75,800,1.14045618247299,1.14045618247299,1.10044017607043,1.10044017607043,1999,0.0,1.0
2019-12-04,2.78,2.87,2.7,2.87,1700,1.1124449779912,1.1484593837535,1.08043217286915,1.1484593837535,4248,0.0,1.0
2019-12-05,2.69,2.69,2.69,2.69,300,1.07643057222889,1.07643057222889,1.07643057222889,1.07643057222889,749,0.0,1.0
2019-12-06,2.69,2.69,2.69,2.69,16,1.07643057222889,1.07643057222889,1.07643057222889,1.07643057222889,39,0.0,1.0
2019-12-09,2.64,2.66,2.6,2.66,1400,1.05642256902761,1.06442577030812,1.04041616646659,1.06442577030812,3498,0.0,1.0
2019-12-10,2.8,2.8,2.55,2.55,3200,1.12044817927171,1.12044817927171,1.02040816326531,1.02040816326531,7996,0.0,1.0
2019-12-11,2.95,3.03,2.85,2.88,7900,1.18047218887555,1.2124849939976,1.14045618247299,1.15246098439376,19742,0.0,1.0
2019-12-12,2.74,2.77,2.74,2.77,3600,1.09643857543017,1.10844337735094,1.09643857543017,1.10844337735094,8996,0.0,1.0
2019-12-13,2.83,2.99,2.83,2.99,1400,1.13245298119248,1.19647859143657,1.13245298119248,1.19647859143657,3498,0.0,1.0
2019-12-16,2.65,3.09,2.65,2.83,5400,1.06042416966787,1.23649459783914,1.06042416966787,1.13245298119248,13494,0.0,1.0
2019-12-17,2.63,2.65,2.63,2.63,2200,1.05242096838735,1.06042416966787,1.05242096838735,1.05242096838735,5497,0.0,1.0
2019-12-18,2.62,2.62,2.61,2.62,800,1.0484193677471,1.0484193677471,1.04441776710684,1.0484193677471,1999,0.0,1.0
2019-12-19,2.65,2.65,2.62,2.62,400,1.06042416966787,1.06042416966787,1.0484193677471,1.0484193677471,999,0.0,1.0
2019-12-20,2.65,2.65,2.65,2.65,500,1.06042416966787,1.06042416966787,1.06042416966787,1.06042416966787,1249,0.0,1.0
2019-12-23,3.13,3.13,2.65,2.65,6500,1.25250100040016,1.25250100040016,1.06042416966787,1.06042416966787,16243,0.0,1.0
2019-12-24,2.7,3.12,2.7,3.12,3300,1.08043217286915,1.2484993997599,1.08043217286915,1.2484993997599,8246,0.0,1.0
2019-12-26,2.45,3.1,2.45,3.1,11200,0.980392156862745,1.24049619847939,0.980392156862745,1.24049619847939,27988,0.0,1.0
2019-12-27,2.9,2.99,2.5,2.5,10800,1.16046418567427,1.19647859143657,1.00040016006403,1.00040016006403,26989,0.0,1.0
2019-12-30,2.36,2.94,2.36,2.61,16500,0.94437775110044,1.17647058823529,0.94437775110044,1.04441776710684,41233,0.0,1.0
2019-12-31,2.7,2.91,2.48,2.48,18100,1.08043217286915,1.16446578631453,0.992396958783513,0.992396958783513,45231,0.0,1.0
2020-01-02,2.83,2.89,2.59,2.88,4900,1.13245298119248,1.15646258503401,1.03641456582633,1.15246098439376,12245,0.0,1.0
2020-01-03,2.87,2.87,2.87,2.87,600,1.1484593837535,1.1484593837535,1.1484593837535,1.1484593837535,1499,0.0,1.0
2020-01-06,2.55,2.56,2.42,2.56,13600,1.02040816326531,1.02440976390556,0.968387354941977,1.02440976390556,33986,0.0,1.0
2020-01-07,2.6,3.15,2.51,2.56,10400,1.04041616646659,1.26050420168067,1.00440176070428,1.02440976390556,25989,0.0,1.0
2020-01-08,2.6,2.6,2.6,2.6,545,1.04041616646659,1.04041616646659,1.04041616646659,1.04041616646659,1361,0.0,1.0
2020-01-09,3.04,4.75,2.52,3.01,1416300,1.21648659463786,1.90076030412165,1.00840336134454,1.20448179271709,3539333,0.0,1.0
2020-01-10,3.26,3.45,2.71,2.71,115700,1.30452180872349,1.38055222088836,1.0844337735094,1.0844337735094,289134,0.0,1.0
2020-01-13,3.27,3.32,3.01,3.2,25400,1.30852340936375,1.32853141256503,1.20448179271709,1.28051220488195,63474,0.0,1.0
2020-01-14,3.02,3.19,2.98,3.14,20100,1.20848339335734,1.2765106042417,1.19247699079632,1.25650260104042,50229,0.0,1.0
2020-01-15,2.9,3.04,2.88,3.04,8000,1.16046418567427,1.21648659463786,1.15246098439376,1.21648659463786,19992,0.0,1.0
2020-01-16,2.85,3.08,2.8,2.91,15600,1.14045618247299,1.23249299719888,1.12044817927171,1.16446578631453,38984,0.0,1.0
2020-01-17,2.78,2.85,2.77,2.81,6800,1.1124449779912,1.14045618247299,1.10844337735094,1.12444977991196,16993,0.0,1.0
2020-01-21,2.77,2.81,2.7,2.77,16100,1.10844337735094,1.12444977991196,1.08043217286915,1.10844337735094,40233,0.0,1.0
2020-01-22,2.8,2.85,2.71,2.71,6700,1.12044817927171,1.14045618247299,1.0844337735094,1.0844337735094,16743,0.0,1.0
2020-01-23,2.72,2.8,2.7,2.74,5300,1.08843537414966,1.12044817927171,1.08043217286915,1.09643857543017,13244,0.0,1.0
2020-01-24,2.62,2.73,2.61,2.66,16300,1.0484193677471,1.09243697478992,1.04441776710684,1.06442577030812,40733,0.0,1.0
2020-01-27,2.72,2.72,2.72,2.72,500,1.08843537414966,1.08843537414966,1.08843537414966,1.08843537414966,1249,0.0,1.0
2020-01-28,2.55,2.71,2.51,2.61,8500,1.02040816326531,1.0844337735094,1.00440176070428,1.04441776710684,21241,0.0,1.0
2020-01-29,2.5,2.66,2.43,2.64,22400,1.00040016006403,1.06442577030812,0.972388955582233,1.05642256902761,55977,0.0,1.0
2020-01-30,2.4999,2.5498,2.311,2.5,4898,1.00036014405762,1.0203281312525,0.924769907963185,1.00040016006403,12240,0.0,1.0
2020-01-31,2.38,2.48,2.11,2.45,11900,0.952380952380952,0.992396958783513,0.844337735094038,0.980392156862745,29738,0.0,1.0
2020-02-03,2.39,2.41,2.25,2.33,13300,0.956382553021208,0.964385754301721,0.900360144057623,0.932372949179672,33236,0.0,1.0
2020-02-04,2.25,2.45,2.16,2.43,14600,0.900360144057623,0.980392156862745,0.864345738295318,0.972388955582233,36485,0.0,1.0
2020-02-05,2.3923,2.4,2.295,2.325,5807,0.957302921168467,0.960384153661464,0.918367346938775,0.930372148859544,14511,0.0,1.0
2020-02-06,2.38,2.49,2.36,2.36,5800,0.952380952380952,0.99639855942377,0.94437775110044,0.94437775110044,14494,0.0,1.0
2020-02-07,2.32,2.37,2.22,2.22,2600,0.928371348539416,0.948379351740696,0.888355342136855,0.888355342136855,6497,0.0,1.0
2020-02-10,2.32,2.48,2.32,2.48,900,0.928371348539416,0.992396958783513,0.928371348539416,0.992396958783513,2249,0.0,1.0
2020-02-11,2.3,2.36,2.26,2.34,8100,0.920368147258903,0.94437775110044,0.904361744697879,0.936374549819928,20241,0.0,1.0
2020-02-12,2.32,2.32,2.32,2.32,600,0.928371348539416,0.928371348539416,0.928371348539416,0.928371348539416,1499,0.0,1.0
2020-02-13,2.07,2.19,2.07,2.19,5200,0.828331332533013,0.876350540216086,0.828331332533013,0.876350540216086,12994,0.0,1.0
2020-02-14,2.39,2.48,2.29,2.48,16900,0.956382553021208,0.992396958783513,0.916366546618647,0.992396958783513,42233,0.0,1.0
2020-02-18,2.1,2.28,2.1,2.27,38800,0.840336134453782,0.912364945978391,0.840336134453782,0.908363345338135,96961,0.0,1.0
2020-02-19,2.1,2.18,2.1,2.18,13300,0.840336134453782,0.87234893957583,0.840336134453782,0.87234893957583,33236,0.0,1.0
2020-02-20,1.99,2.12,1.9,2.11,16300,0.796318527410964,0.848339335734294,0.760304121648659,0.844337735094038,40733,0.0,1.0
2020-02-21,2.0,2.01,2.0,2.01,2900,0.80032012805122,0.804321728691476,0.80032012805122,0.804321728691476,7247,0.0,1.0
2020-02-24,1.68,1.97,1.54,1.95,65400,0.672268907563025,0.788315326130452,0.61624649859944,0.78031212484994,163434,0.0,1.0
2020-02-25,1.69,1.78,1.68,1.78,17100,0.676270508203281,0.712284913965586,0.672268907563025,0.712284913965586,42732,0.0,1.0
2020-02-26,1.75,1.89,1.67,1.83,8600,0.700280112044818,0.756302521008403,0.668267306922769,0.732292917166867,21491,0.0,1.0
2020-02-27,2.32,2.7,1.65,1.75,99200,0.928371348539416,1.08043217286915,0.660264105642257,0.700280112044818,247900,0.0,1.0
2020-02-28,2.14,2.95,2.02,2.48,117400,0.856342537014806,1.18047218887555,0.808323329331733,0.992396958783513,293382,0.0,1.0
2020-03-02,2.01,2.35,2.0,2.35,12600,0.804321728691476,0.940376150460184,0.80032012805122,0.940376150460184,31487,0.0,1.0
2020-03-03,2.0,2.02,2.0,2.01,4300,0.80032012805122,0.808323329331733,0.80032012805122,0.804321728691476,10745,0.0,1.0
2020-03-04,1.77,2.0,1.66,2.0,40800,0.70828331332533,0.80032012805122,0.664265706282513,0.80032012805122,101959,0.0,1.0
2020-03-05,2.06,2.31,1.88,1.88,49500,0.824329731892757,0.92436974789916,0.752300920368147,0.752300920368147,123700,0.0,1.0
2020-03-06,2.11,2.18,2.0,2.1,16200,0.844337735094038,0.87234893957583,0.80032012805122,0.840336134453782,40483,0.0,1.0
2020-03-09,1.91,2.1,1.9,2.1,8100,0.764305722288915,0.840336134453782,0.760304121648659,0.840336134453782,20241,0.0,1.0
2020-03-10,2.02,2.05,1.92,2.05,18800,0.808323329331733,0.820328131252501,0.768307322929172,0.820328131252501,46981,0.0,1.0
2020-03-11,3.95,7.7,3.15,4.75,11896200,1.58063225290116,3.0812324929972,1.26050420168067,1.90076030412165,29728603,0.0,1.0
2020-03-12,5.26,5.8,4.0,5.75,4057000,2.10484193677471,2.32092837134854,1.60064025610244,2.30092036814726,10138443,0.0,1.0
2020-03-13,3.34,4.4,3.0,4.4,983100,1.33653461384554,1.76070428171269,1.20048019207683,1.76070428171269,2456766,0.0,1.0
2020-03-16,2.25,2.6,1.97,2.5,596200,0.900360144057623,1.04041616646659,0.788315326130452,1.00040016006403,1489903,0.0,1.0
2020-03-17,2.28,2.65,2.21,2.45,280600,0.912364945978391,1.06042416966787,0.884353741496599,0.980392156862745,701219,0.0,1.0
2020-03-18,2.01,2.2,1.87,2.2,308900,0.804321728691476,0.880352140856343,0.748299319727891,0.880352140856343,771941,0.0,1.0
2020-03-19,1.71,2.1,1.56,2.1,401000,0.684273709483794,0.840336134453782,0.624249699879952,0.840336134453782,1002099,0.0,1.0
2020-03-20,1.78,1.96,1.75,1.8,231600,0.712284913965586,0.784313725490196,0.700280112044818,0.720288115246098,578768,0.0,1.0
2020-03-23,1.8,2.1,1.68,2.02,263700,0.720288115246098,0.840336134453782,0.672268907563025,0.808323329331733,658986,0.0,1.0
2020-03-24,1.8,1.88,1.67,1.85,310300,0.720288115246098,0.752300920368147,0.668267306922769,0.740296118447379,775439,0.0,1.0
2020-03-25,1.82,1.91,1.72,1.74,231800,0.728291316526611,0.764305722288915,0.68827531012405,0.696278511404562,579268,0.0,1.0
2020-03-26,1.88,1.95,1.78,1.92,243200,0.752300920368147,0.78031212484994,0.712284913965586,0.768307322929172,607756,0.0,1.0
2020-03-27,1.78,1.9,1.66,1.86,169300,0.712284913965586,0.760304121648659,0.664265706282513,0.744297719087635,423080,0.0,1.0
2020-03-30,1.86,1.9,1.76,1.81,140400,0.744297719087635,0.760304121648659,0.704281712685074,0.724289715886354,350859,0.0,1.0
2020-03-31,2.04,2.24,1.92,1.92,300900,0.816326530612245,0.896358543417367,0.768307322929172,0.768307322929172,751949,0.0,1.0
2020-04-01,1.8,2.09,1.66,2.09,103400,0.720288115246098,0.836334533813525,0.664265706282513,0.836334533813525,258396,0.0,1.0
2020-04-02,1.98,2.13,1.82,1.82,261800,0.792316926770708,0.85234093637455,0.728291316526611,0.728291316526611,654238,0.0,1.0
2020-04-03,2.07,2.16,1.89,2.0,104800,0.828331332533013,0.864345738295318,0.756302521008403,0.80032012805122,261895,0.0,1.0
2020-04-06,2.14,2.24,2.03,2.08,172500,0.856342537014806,0.896358543417367,0.812324929971989,0.832332933173269,431077,0.0,1.0
2020-04-07,2.12,2.14,1.96,2.1,58800,0.848339335734294,0.856342537014806,0.784313725490196,0.840336134453782,146941,0.0,1.0
2020-04-08,2.17,2.19,2.04,2.09,153600,0.868347338935574,0.876350540216086,0.816326530612245,0.836334533813525,383846,0.0,1.0
2020-04-09,3.4,3.8,3.08,3.7,7859500,1.36054421768707,1.52060824329732,1.23249299719888,1.48059223689476,19640890,0.0,1.0
2020-04-13,3.08,3.46,3.01,3.25,1116800,1.23249299719888,1.38455382152861,1.20448179271709,1.30052020808323,2790883,0.0,1.0
2020-04-14,3.35,3.7,3.26,3.68,1083900,1.34053621448579,1.48059223689476,1.30452180872349,1.47258903561425,2708666,0.0,1.0
2020-04-15,3.15,3.5,3.03,3.5,395000,1.26050420168067,1.40056022408964,1.2124849939976,1.40056022408964,987105,0.0,1.0
2020-04-16,3.23,3.29,3.04,3.15,225600,1.29251700680272,1.31652661064426,1.21648659463786,1.26050420168067,563774,0.0,1.0
2020-04-17,3.17,3.28,3.05,3.26,209900,1.26850740296118,1.312525010004,1.22048819527811,1.30452180872349,524540,0.0,1.0
2020-04-20,3.05,3.1,2.8,3.09,182400,1.22048819527811,1.24049619847939,1.12044817927171,1.23649459783914,455817,0.0,1.0
2020-04-21,3.13,3.3,3.04,3.26,179700,1.25250100040016,1.32052821128451,1.21648659463786,1.30452180872349,449070,0.0,1.0
2020-04-22,3.05,3.13,3.0,3.12,107500,1.22048819527811,1.25250100040016,1.20048019207683,1.2484993997599,268642,0.0,1.0
2020-04-23,3.0,3.09,2.92,3.0,104400,1.20048019207683,1.23649459783914,1.16846738695478,1.20048019207683,260895,0.0,1.0
2020-04-24,2.97,3.07,2.7,2.91,417900,1.18847539015606,1.22849139655862,1.08043217286915,1.16446578631453,1044332,0.0,1.0
2020-04-27,3.04,3.35,2.75,3.33,761400,1.21648659463786,1.34053621448579,1.10044017607043,1.33253301320528,1902738,0.0,1.0
2020-04-28,2.93,3.01,2.81,2.97,193800,1.17246898759504,1.20448179271709,1.12444977991196,1.18847539015606,484306,0.0,1.0
2020-04-29,2.91,2.95,2.79,2.9,142400,1.16446578631453,1.18047218887555,1.11644657863145,1.16046418567427,355857,0.0,1.0
2020-04-30,2.77,2.92,2.63,2.87,167900,1.10844337735094,1.16846738695478,1.05242096838735,1.1484593837535,419582,0.0,1.0
2020-05-01,2.82,2.83,2.6,2.65,107100,1.12845138055222,1.13245298119248,1.04041616646659,1.06042416966787,267642,0.0,1.0
2020-05-04,2.95,3.25,2.95,3.02,613600,1.18047218887555,1.30052020808323,1.18047218887555,1.20848339335734,1533386,0.0,1.0
2020-05-05,3.48,3.62,3.11,3.27,752300,1.39255702280912,1.44857943177271,1.24449779911965,1.30852340936375,1879997,0.0,1.0
2020-05-06,3.7,3.79,3.5,3.73,282200,1.48059223689476,1.51660664265706,1.40056022408964,1.49259703881553,705217,0.0,1.0
2020-05-07,3.64,3.82,3.21,3.78,190500,1.45658263305322,1.52861144457783,1.28451380552221,1.51260504201681,476059,0.0,1.0
2020-05-08,3.58,3.7,3.4,3.46,94200,1.43257302921168,1.48059223689476,1.36054421768707,1.38455382152861,235405,0.0,1.0
2020-05-11,3.99,3.99,3.61,3.8,273000,1.59663865546218,1.59663865546218,1.44457783113245,1.52060824329732,682227,0.0,1.0
2020-05-12,4.08,4.1,3.8,4.0,259200,1.63265306122449,1.640656262505,1.52060824329732,1.60064025610244,647740,0.0,1.0
2020-05-13,4.45,5.2,4.03,4.59,721400,1.78071228491397,2.08083233293317,1.61264505802321,1.83673469387755,1802778,0.0,1.0
2020-05-14,5.1,5.14,4.2,5.0,600200,2.04081632653061,2.05682272909164,1.68067226890756,2.00080032012805,1499899,0.0,1.0
2020-05-15,5.59,5.9,5.01,5.04,454900,2.23689475790316,2.3609443777511,2.00480192076831,2.01680672268908,1136795,0.0,1.0
2020-05-18,5.9,6.1,5.63,5.76,403300,2.3609443777511,2.44097639055622,2.25290116046419,2.30492196878751,1007846,0.0,1.0
2020-05-19,5.4,5.98,5.15,5.91,182000,2.1608643457383,2.39295718287315,2.06082432973189,2.36494597839136,454818,0.0,1.0
2020-05-20,4.75,5.46,4.41,5.26,333500,1.90076030412165,2.18487394957983,1.76470588235294,2.10484193677471,833416,0.0,1.0
2020-05-21,5.15,5.25,4.56,4.72,201200,2.06082432973189,2.10084033613445,1.82472989195678,1.88875550220088,502798,0.0,1.0
2020-05-22,5.73,5.9,5.3,5.75,366400,2.29291716686675,2.3609443777511,2.12084833933573,2.30092036814726,915633,0.0,1.0
2020-05-26,6.19,6.53,6.0,6.49,441300,2.47699079631853,2.61304521808723,2.40096038415366,2.59703881552621,1102808,0.0,1.0
2020-05-27,6.13,6.27,5.89,6.13,146000,2.45298119247699,2.50900360144058,2.35694277711084,2.45298119247699,364854,0.0,1.0
2020-05-28,6.27,6.5,6.2,6.23,77800,2.50900360144058,2.60104041616647,2.48099239695878,2.49299719887955,194422,0.0,1.0
2020-05-29,6.61,6.85,6.3,6.8,203300,2.64505802320928,2.74109643857543,2.52100840336134,2.72108843537415,508046,0.0,1.0
2020-06-01,6.85,7.02,6.62,6.71,192300,2.74109643857543,2.80912364945978,2.64905962384954,2.68507402961184,480557,0.0,1.0
2020-06-02,6.62,7.0,6.26,7.0,103700,2.64905962384954,2.80112044817927,2.50500200080032,2.80112044817927,259146,0.0,1.0
2020-06-03,6.55,6.55,6.1,6.27,105400,2.62104841936775,2.62104841936775,2.44097639055622,2.50900360144058,263394,0.0,1.0
2020-06-04,6.5,6.61,6.32,6.54,88500,2.60104041616647,2.64505802320928,2.52901160464186,2.61704681872749,221161,0.0,1.0
2020-06-05,5.8,6.34,5.6,6.31,213700,2.32092837134854,2.53701480592237,2.24089635854342,2.5250100040016,534036,0.0,1.0
2020-06-08,5.97,6.12,5.6,5.75,125900,2.38895558223289,2.44897959183673,2.24089635854342,2.30092036814726,314624,0.0,1.0
2020-06-09,5.8,6.16,5.71,5.78,50300,2.32092837134854,2.46498599439776,2.28491396558623,2.31292517006803,125699,0.0,1.0
2020-06-10,5.74,6.03,5.64,5.88,56400,2.296918767507,2.41296518607443,2.25690276110444,2.35294117647059,140943,0.0,1.0
2020-06-11,5.38,5.72,5.13,5.56,58600,2.15286114445778,2.28891556622649,2.05282112845138,2.22488995598239,146441,0.0,1.0
2020-06-12,5.64,5.88,5.22,5.32,27500,2.25690276110444,2.35294117647059,2.08883553421369,2.12885154061625,68722,0.0,1.0
2020-06-15,5.88,5.99,5.31,5.7,86400,2.35294117647059,2.39695878351341,2.12484993997599,2.28091236494598,215913,0.0,1.0
2020-06-16,5.98,6.25,5.6,5.79,66800,2.39295718287315,2.50100040016006,2.24089635854342,2.31692677070828,166933,0.0,1.0
2020-06-17,6.03,6.18,5.87,6.11,59900,2.41296518607443,2.47298919567827,2.34893957583033,2.44497799119648,149690,0.0,1.0
2020-06-18,6.03,6.19,5.77,5.89,121500,2.41296518607443,2.47699079631853,2.30892356942777,2.35694277711084,303628,0.0,1.0
2020-06-19,6.8,8.56,5.65,6.67,1354600,2.72108843537415,3.42537014805922,2.2609043617447,2.66906762705082,3385145,0.0,1.0
2020-06-22,6.09,6.5,5.9,6.49,178600,2.43697478991597,2.60104041616647,2.3609443777511,2.59703881552621,446321,0.0,1.0
2020-06-23,5.98,6.06,5.75,6.0,104100,2.39295718287315,2.4249699879952,2.30092036814726,2.40096038415366,260145,0.0,1.0
2020-06-24,6.0,6.0,5.58,5.86,94000,2.40096038415366,2.40096038415366,2.23289315726291,2.34493797519008,234906,0.0,1.0
2020-06-25,6.22,6.36,6.0,6.0,85500,2.4889955982393,2.54501800720288,2.40096038415366,2.40096038415366,213664,0.0,1.0
2020-06-26,5.93,6.32,5.85,6.21,35400,2.37294917967187,2.52901160464186,2.34093637454982,2.48499399759904,88464,0.0,1.0
2020-06-29,6.63,7.2,6.275,6.72,560039,2.6530612244898,2.88115246098439,2.5110044017607,2.6890756302521,1399537,0.0,1.0
2020-06-30,6.42,6.63,6.3,6.63,116800,2.56902761104442,2.6530612244898,2.52100840336134,2.6530612244898,291883,0.0,1.0
2020-07-01,6.7,6.7,6.33,6.4,99200,2.68107242897159,2.68107242897159,2.53301320528211,2.56102440976391,247900,0.0,1.0
2020-07-02,6.51,6.95,6.48,6.72,68800,2.60504201680672,2.78111244497799,2.59303721488595,2.6890756302521,171931,0.0,1.0
2020-07-06,7.19,7.2,6.6,6.67,103300,2.87715086034414,2.88115246098439,2.64105642256903,2.66906762705082,258146,0.0,1.0
2020-07-07,7.41,7.75,7.16,7.18,116400,2.96518607442977,3.10124049619848,2.86514605842337,2.87314925970388,290883,0.0,1.0
2020-07-08,7.0,7.39,6.96,7.27,54900,2.80112044817927,2.95718287314926,2.78511404561825,2.90916366546619,137195,0.0,1.0
2020-07-09,6.99,7.15,6.85,6.97,55400,2.79711884753902,2.86114445778311,2.74109643857543,2.7891156462585,138444,0.0,1.0
2020-07-10,7.83,8.0,6.92,6.95,207100,3.13325330132053,3.20128051220488,2.76910764305722,2.78111244497799,517542,0.0,1.0
2020-07-13,8.59,9.1,7.97,8.0,364500,3.43737494997999,3.64145658263305,3.18927571028411,3.20128051220488,910885,0.0,1.0
2020-07-14,9.58,9.8,8.91,9.45,416000,3.83353341336535,3.92156862745098,3.56542617046819,3.78151260504202,1039584,0.0,1.0
2020-07-15,8.63,10.0,8.26,9.81,471400,3.45338135254102,4.0016006402561,3.30532212885154,3.92557022809124,1178028,0.0,1.0
2020-07-16,10.0,10.6,9.13,9.36,985400,4.0016006402561,4.24169667867147,3.65346138455382,3.74549819927971,2462514,0.0,1.0
2020-07-17,11.34,11.86,10.09,10.22,936400,4.53781512605042,4.74589835934374,4.03761504601841,4.08963585434174,2340063,0.0,1.0
2020-07-20,12.24,12.61,11.35,11.89,766900,4.89795918367347,5.04601840736294,4.54181672669068,4.75790316126451,1916483,0.0,1.0
2020-07-21,11.6,11.98,9.93,11.89,617800,4.64185674269708,4.79391756702681,3.97358943577431,4.75790316126451,1543882,0.0,1.0
2020-07-22,9.95,11.07,9.9,10.91,418981,3.98159263705482,4.42977190876351,3.96158463385354,4.36574629851941,1047033,0.0,1.0
2020-07-23,8.8,10.5,8.68,10.34,428131,3.52140856342537,4.20168067226891,3.4733893557423,4.13765506202481,1069899,0.0,1.0
2020-07-24,9.35,9.8,9.0,9.0,303805,3.74149659863946,3.92156862745098,3.60144057623049,3.60144057623049,759208,0.0,1.0
2020-07-27,10.27,10.36,9.4,9.4,260671,4.10964385754302,4.14565826330532,3.76150460184074,3.76150460184074,651416,0.0,1.0
2020-07-28,9.8,10.25,9.55,10.07,257049,3.92156862745098,4.1016406562625,3.82152861144458,4.02961184473789,642365,0.0,1.0
2020-07-29,10.39,10.455,9.72,9.96,135762,4.15766306522609,4.18367346938776,3.88955582232893,3.98559423769508,339269,0.0,1.0
2020-07-30,12.37,16.79,10.6,10.6,1597561,4.9499799919968,6.71868747498999,4.24169667867147,4.24169667867147,3992304,0.0,1.0
2020-07-31,6.99,12.17,5.9,6.5,29917270,6.99,12.17,5.9,6.5,29917270,0.0,2.499
2020-08-03,5.48,6.14,5.3,6.0,2648031,5.48,6.14,5.3,6.0,2648031,0.0,1.0
2020-08-04,5.62,5.88,5.38,5.75,1206590,5.62,5.88,5.38,5.75,1206590,0.0,1.0
2020-08-05,5.44,5.66,5.24,5.62,1133057,5.44,5.66,5.24,5.62,1133057,0.0,1.0
2020-08-06,5.25,5.33,4.9,5.22,933534,5.25,5.33,4.9,5.22,933534,0.0,1.0
2020-08-07,5.18,5.53,5.06,5.5,516088,5.18,5.53,5.06,5.5,516088,0.0,1.0
2020-08-10,5.04,5.25,4.9,5.2,677480,5.04,5.25,4.9,5.2,677480,0.0,1.0
2020-08-11,4.59,4.98,4.5,4.98,974109,4.59,4.98,4.5,4.98,974109,0.0,1.0
2020-08-12,4.52,4.59,4.33,4.57,577291,4.52,4.59,4.33,4.57,577291,0.0,1.0
2020-08-13,4.91,4.93,4.33,4.58,706038,4.91,4.93,4.33,4.58,706038,0.0,1.0
2020-08-14,4.42,4.7,4.3324,4.7,560916,4.42,4.7,4.3324,4.7,560916,0.0,1.0
2020-08-17,4.05,4.46,4.0101,4.46,407112,4.05,4.46,4.0101,4.46,407112,0.0,1.0
2020-08-18,4.3,4.65,4.18,4.65,2169967,4.3,4.65,4.18,4.65,2169967,0.0,1.0
2020-08-19,4.03,4.27,3.91,4.21,707409,4.03,4.27,3.91,4.21,707409,0.0,1.0
2020-08-20,4.09,4.1199,3.93,4.0,319502,4.09,4.1199,3.93,4.0,319502,0.0,1.0
2020-08-21,3.91,4.14,3.62,4.12,810638,3.91,4.14,3.62,4.12,810638,0.0,1.0
2020-08-24,3.9,4.21,3.79,4.07,542070,3.9,4.21,3.79,4.07,542070,0.0,1.0
2020-08-25,4.01,4.01,3.78,3.82,295335,4.01,4.01,3.78,3.82,295335,0.0,1.0
2020-08-26,3.97,3.98,3.81,3.88,226006,3.97,3.98,3.81,3.88,226006,0.0,1.0
2020-08-27,3.67,3.92,3.55,3.92,321436,3.67,3.92,3.55,3.92,321436,0.0,1.0
2020-08-28,3.68,3.735,3.57,3.66,269279,3.68,3.735,3.57,3.66,269279,0.0,1.0
2020-08-31,3.53,3.69,3.5,3.68,236281,3.53,3.69,3.5,3.68,236281,0.0,1.0
2020-09-01,3.36,3.59,3.21,3.55,494616,3.36,3.59,3.21,3.55,494616,0.0,1.0
2020-09-02,3.41,3.655,3.32,3.65,478534,3.41,3.655,3.32,3.65,478534,0.0,1.0
2020-09-03,3.45,3.6,3.3,3.45,406706,3.45,3.6,3.3,3.45,406706,0.0,1.0
2020-09-04,3.22,3.4,3.01,3.39,236238,3.22,3.4,3.01,3.39,236238,0.0,1.0
2020-09-08,3.22,3.33,3.11,3.22,178097,3.22,3.33,3.11,3.22,178097,0.0,1.0
2020-09-09,3.39,3.4399,3.21,3.27,131052,3.39,3.4399,3.21,3.27,131052,0.0,1.0
2020-09-10,3.4,3.4,3.3,3.38,53227,3.4,3.4,3.3,3.38,53227,0.0,1.0
2020-09-11,3.19,3.4,3.12,3.4,143598,3.19,3.4,3.12,3.4,143598,0.0,1.0
2020-09-14,3.26,3.3,3.1,3.17,69048,3.26,3.3,3.1,3.17,69048,0.0,1.0
2020-09-15,3.43,3.5271,3.35,3.38,248002,3.43,3.5271,3.35,3.38,248002,0.0,1.0
2020-09-16,3.72,3.93,3.55,3.78,814407,3.72,3.93,3.55,3.78,814407,0.0,1.0
2020-09-17,3.71,3.91,3.595,3.9,409942,3.71,3.91,3.595,3.9,409942,0.0,1.0
2020-09-18,3.93,4.0,3.55,3.61,593526,3.93,4.0,3.55,3.61,593526,0.0,1.0
2020-09-21,3.62,3.8,3.51,3.8,270927,3.62,3.8,3.51,3.8,270927,0.0,1.0
2020-09-22,3.44,3.78,3.41,3.6,165250,3.44,3.78,3.41,3.6,165250,0.0,1.0
2020-09-23,3.01,3.45,2.94,3.39,267608,3.01,3.45,2.94,3.39,267608,0.0,1.0
2020-09-24,3.14,3.23,3.02,3.16,228789,3.14,3.23,3.02,3.16,228789,0.0,1.0
2020-09-25,3.49,3.55,3.2,3.2,500700,3.49,3.55,3.2,3.2,500700,0.0,1.0
2020-09-28,3.34,3.5878,3.28,3.58,252340,3.34,3.5878,3.28,3.58,252340,0.0,1.0
2020-09-29,3.37,3.38,3.22,3.3,164870,3.37,3.38,3.22,3.3,164870,0.0,1.0
2020-09-30,3.33,3.55,3.295,3.34,220861,3.33,3.55,3.295,3.34,220861,0.0,1.0
2020-10-01,3.43,3.48,3.31,3.4,353716,3.43,3.48,3.31,3.4,353716,0.0,1.0
2020-10-02,3.32,3.51,3.26,3.34,229696,3.32,3.51,3.26,3.34,229696,0.0,1.0
2020-10-05,3.64,3.7,3.35,3.53,320510,3.64,3.7,3.35,3.53,320510,0.0,1.0
2020-10-06,3.88,3.9,3.7,3.7,318148,3.88,3.9,3.7,3.7,318148,0.0,1.0
2020-10-07,4.41,4.41,3.93,4.18,687723,4.41,4.41,3.93,4.18,687723,0.0,1.0
2020-10-08,4.96,5.44,4.55,4.55,1417769,4.96,5.44,4.55,4.55,1417769,0.0,1.0
2020-10-09,4.65,5.07,4.585,5.05,589632,4.65,5.07,4.585,5.05,589632,0.0,1.0
2020-10-12,4.4,4.64,4.31,4.61,270299,4.4,4.64,4.31,4.61,270299,0.0,1.0
2020-10-13,4.61,4.75,4.48,4.5,326436,4.61,4.75,4.48,4.5,326436,0.0,1.0
2020-10-14,4.41,4.69,4.35,4.66,144511,4.41,4.69,4.35,4.66,144511,0.0,1.0
2020-10-15,4.3,4.459,4.11,4.32,113857,4.3,4.459,4.11,4.32,113857,0.0,1.0
2020-10-16,4.26,4.4,4.14,4.26,214686,4.26,4.4,4.14,4.26,214686,0.0,1.0
2020-10-19,4.36,4.4,4.27,4.3,120327,4.36,4.4,4.27,4.3,120327,0.0,1.0
2020-10-20,4.4,4.48,4.3,4.4,108856,4.4,4.48,4.3,4.4,108856,0.0,1.0
2020-10-21,4.35,4.4401,4.32,4.37,120775,4.35,4.4401,4.32,4.37,120775,0.0,1.0
2020-10-22,4.34,4.44,4.2,4.39,91704,4.34,4.44,4.2,4.39,91704,0.0,1.0
2020-10-23,4.42,4.45,4.24,4.35,95331,4.42,4.45,4.24,4.35,95331,0.0,1.0
2020-10-26,4.58,4.85,4.42,4.45,301699,4.58,4.85,4.42,4.45,301699,0.0,1.0
2020-10-27,4.6,4.701,4.26,4.7,267895,4.6,4.701,4.26,4.7,267895,0.0,1.0
2020-10-28,4.0,4.49,3.81,4.4,266339,4.0,4.49,3.81,4.4,266339,0.0,1.0
2020-10-29,4.05,4.2,3.87,4.07,58157,4.05,4.2,3.87,4.07,58157,0.0,1.0
2020-10-30,3.82,3.97,3.595,3.97,298310,3.82,3.97,3.595,3.97,298310,0.0,1.0
2020-11-02,4.05,4.1342,3.61,3.77,122504,4.05,4.1342,3.61,3.77,122504,0.0,1.0
2020-11-03,4.04,4.05,3.8,4.05,135452,4.04,4.05,3.8,4.05,135452,0.0,1.0
2020-11-04,3.95,4.1708,3.82,4.16,141498,3.95,4.1708,3.82,4.16,141498,0.0,1.0
2020-11-05,3.78,3.9912,3.5,3.95,155786,3.78,3.9912,3.5,3.95,155786,0.0,1.0
2020-11-06,3.44,3.73,3.4,3.73,207817,3.44,3.73,3.4,3.73,207817,0.0,1.0
2020-11-09,2.89,3.4,2.78,3.4,366157,2.89,3.4,2.78,3.4,366157,0.0,1.0
2020-11-10,3.01,3.08,2.76,2.94,252648,3.01,3.08,2.76,2.94,252648,0.0,1.0
2020-11-11,3.05,3.07,2.87,3.0,208513,3.05,3.07,2.87,3.0,208513,0.0,1.0
2020-11-12,2.96,3.13,2.85,3.05,352111,2.96,3.13,2.85,3.05,352111,0.0,1.0
2020-11-13,2.98,3.0,2.7,3.0,287410,2.98,3.0,2.7,3.0,287410,0.0,1.0
2020-11-16,2.98,3.03,2.7502,2.98,266607,2.98,3.03,2.7502,2.98,266607,0.0,1.0
2020-11-17,2.82,3.0,2.7,3.0,403789,2.82,3.0,2.7,3.0,403789,0.0,1.0
2020-11-18,2.8,2.8699,2.7,2.79,216955,2.8,2.8699,2.7,2.79,216955,0.0,1.0
2020-11-19,2.84,2.85,2.72,2.85,198789,2.84,2.85,2.72,2.85,198789,0.0,1.0
2020-11-20,2.48,2.84,2.45,2.84,972519,2.48,2.84,2.45,2.84,972519,0.0,1.0
2020-11-23,2.57,2.5947,2.45,2.45,262047,2.57,2.5947,2.45,2.45,262047,0.0,1.0
2020-11-24,2.54,2.68,2.45,2.6,220237,2.54,2.68,2.45,2.6,220237,0.0,1.0
2020-11-25,2.5,2.54,2.36,2.5,258991,2.5,2.54,2.36,2.5,258991,0.0,1.0
2020-11-27,2.6,2.6197,2.43,2.49,151657,2.6,2.6197,2.43,2.49,151657,0.0,1.0
2020-11-30,2.49,2.59,2.41,2.59,304671,2.49,2.59,2.41,2.59,304671,0.0,1.0
2020-12-01,2.59,2.6815,2.43,2.55,418933,2.59,2.6815,2.43,2.55,418933,0.0,1.0
2020-12-02,2.42,2.6,2.38,2.6,328244,2.42,2.6,2.38,2.6,328244,0.0,1.0
2020-12-03,2.32,2.45,2.21,2.45,359068,2.32,2.45,2.21,2.45,359068,0.0,1.0
2020-12-04,2.26,2.3,2.17,2.29,366954,2.26,2.3,2.17,2.29,366954,0.0,1.0
2020-12-07,2.12,2.26,2.08,2.26,406650,2.12,2.26,2.08,2.26,406650,0.0,1.0
2020-12-08,2.06,2.1108,2.04,2.11,297292,2.06,2.1108,2.04,2.11,297292,0.0,1.0
2020-12-09,2.04,2.12,1.97,2.1,452479,2.04,2.12,1.97,2.1,452479,0.0,1.0
2020-12-10,2.06,2.06,1.94,2.01,445485,2.06,2.06,1.94,2.01,445485,0.0,1.0
2020-12-11,2.05,2.1,2.0,2.1,244133,2.05,2.1,2.0,2.1,244133,0.0,1.0
2020-12-14,1.98,2.11,1.95,2.11,334330,1.98,2.11,1.95,2.11,334330,0.0,1.0
2020-12-15,1.86,1.9759,1.79,1.96,516889,1.86,1.9759,1.79,1.96,516889,0.0,1.0
2020-12-16,1.95,1.9561,1.76,1.78,391795,1.95,1.9561,1.76,1.78,391795,0.0,1.0
2020-12-17,2.13,2.58,1.87,1.94,1943524,2.13,2.58,1.87,1.94,1943524,0.0,1.0
2020-12-18,2.16,2.28,2.12,2.22,358423,2.16,2.28,2.12,2.22,358423,0.0,1.0
2020-12-21,2.19,2.22,2.11,2.22,342981,2.19,2.22,2.11,2.22,342981,0.0,1.0
2020-12-22,2.49,2.71,2.19,2.28,1818303,2.49,2.71,2.19,2.28,1818303,0.0,1.0
2020-12-23,2.41,2.74,2.29,2.53,854536,2.41,2.74,2.29,2.53,854536,0.0,1.0
2020-12-24,2.5,2.5398,2.36,2.43,204356,2.5,2.5398,2.36,2.43,204356,0.0,1.0
2020-12-28,2.28,2.6,2.2,2.6,403495,2.28,2.6,2.2,2.6,403495,0.0,1.0
2020-12-29,2.25,2.34,2.15,2.34,236914,2.25,2.34,2.15,2.34,236914,0.0,1.0
2020-12-30,2.23,2.25,2.16,2.2,187035,2.23,2.25,2.16,2.2,187035,0.0,1.0
2020-12-31,2.02,2.24,1.99,2.23,532223,2.02,2.24,1.99,2.23,532223,0.0,1.0
2021-01-04,2.58,2.63,2.22,2.4,1467609,2.58,2.63,2.22,2.4,1467609,0.0,1.0
2021-01-05,2.73,2.8337,2.6,2.63,1097545,2.73,2.8337,2.6,2.63,1097545,0.0,1.0
2021-01-06,2.59,2.79,2.4907,2.79,607797,2.59,2.79,2.4907,2.79,607797,0.0,1.0
2021-01-07,2.45,2.57,2.42,2.46,414321,2.45,2.57,2.42,2.46,414321,0.0,1.0
2021-01-08,2.57,2.6,2.3,2.46,621695,2.57,2.6,2.3,2.46,621695,0.0,1.0
2021-01-11,2.68,2.779,2.41,2.45,492569,2.68,2.779,2.41,2.45,492569,0.0,1.0
2021-01-12,2.88,2.92,2.7,2.7,428672,2.88,2.92,2.7,2.7,428672,0.0,1.0
2021-01-13,3.34,4.3,3.08,3.1,6606456,3.34,4.3,3.08,3.1,6606456,0.0,1.0
2021-01-14,3.23,3.31,3.0,3.23,988794,3.23,3.31,3.0,3.23,988794,0.0,1.0
2021-01-15,3.04,3.3,3.01,3.16,596232,3.04,3.3,3.01,3.16,596232,0.0,1.0
2021-01-19,3.17,3.25,3.0102,3.11,530884,3.17,3.25,3.0102,3.11,530884,0.0,1.0
2021-01-20,4.73,5.29,3.42,3.5,19709055,4.73,5.29,3.42,3.5,19709055,0.0,1.0
2021-01-21,4.3,4.445,4.0,4.34,3168506,4.3,4.445,4.0,4.34,3168506,0.0,1.0
2021-01-22,3.97,4.3,3.96,4.25,1012833,3.97,4.3,3.96,4.25,1012833,0.0,1.0
2021-01-25,3.71,3.95,3.654,3.91,919909,3.71,3.95,3.654,3.91,919909,0.0,1.0
2021-01-26,3.96,4.29,3.78,3.81,1219445,3.96,4.29,3.78,3.81,1219445,0.0,1.0
2021-01-27,3.39,4.1857,3.3,3.95,1449809,3.39,4.1857,3.3,3.95,1449809,0.0,1.0
2021-01-28,3.9,3.98,3.45,3.5,771821,3.9,3.98,3.45,3.5,771821,0.0,1.0
2021-01-29,3.68,4.09,3.5501,3.84,826345,3.68,4.09,3.5501,3.84,826345,0.0,1.0
2021-02-01,3.82,4.17,3.46,3.73,772690,3.82,4.17,3.46,3.73,772690,0.0,1.0
2021-02-02,4.54,4.99,4.21,4.98,4479903,4.54,4.99,4.21,4.98,4479903,0.0,1.0
2021-02-03,4.26,4.5699,4.1925,4.21,1282508,4.26,4.5699,4.1925,4.21,1282508,0.0,1.0
2021-02-04,3.96,4.35,3.84,4.31,948623,3.96,4.35,3.84,4.31,948623,0.0,1.0
2021-02-05,4.09,4.1814,3.98,4.1814,564605,4.09,4.1814,3.98,4.1814,564605,0.0,1.0
2021-02-08,4.14,4.22,3.9,4.08,1287371,4.14,4.22,3.9,4.08,1287371,0.0,1.0
2021-02-09,4.11,4.23,3.96,3.98,793107,4.11,4.23,3.96,3.98,793107,0.0,1.0
2021-02-10,4.05,4.23,3.9,4.19,956790,4.05,4.23,3.9,4.19,956790,0.0,1.0
2021-02-11,3.87,4.1,3.79,4.09,596168,3.87,4.1,3.79,4.09,596168,0.0,1.0
2021-02-12,3.96,4.094,3.86,4.05,512683,3.96,4.094,3.86,4.05,512683,0.0,1.0
2021-02-16,3.91,4.05,3.84,4.04,416139,3.91,4.05,3.84,4.04,416139,0.0,1.0
2021-02-17,4.0,4.02,3.87,3.99,459799,4.0,4.02,3.87,3.99,459799,0.0,1.0
2021-02-18,3.72,3.97,3.68,3.95,501643,3.72,3.97,3.68,3.95,501643,0.0,1.0
2021-02-19,3.74,3.85,3.68,3.81,247140,3.74,3.85,3.68,3.81,247140,0.0,1.0
2021-02-22,3.43,3.72,3.4,3.72,532439,3.43,3.72,3.4,3.72,532439,0.0,1.0
2021-02-23,3.12,3.29,2.7,3.24,651372,3.12,3.29,2.7,3.24,651372,0.0,1.0
2021-02-24,3.13,3.25,3.02,3.05,315930,3.13,3.25,3.02,3.05,315930,0.0,1.0
2021-02-25,2.98,3.13,2.95,3.11,245435,2.98,3.13,2.95,3.11,245435,0.0,1.0
2021-02-26,3.01,3.13,2.81,2.97,520520,3.01,3.13,2.81,2.97,520520,0.0,1.0
2021-03-01,3.24,3.35,3.0301,3.13,713291,3.24,3.35,3.0301,3.13,713291,0.0,1.0
2021-03-02,3.19,3.33,3.15,3.25,255244,3.19,3.33,3.15,3.25,255244,0.0,1.0
2021-03-03,3.04,3.22,3.0,3.16,111847,3.04,3.22,3.0,3.16,111847,0.0,1.0
2021-03-04,2.8,3.11,2.73,3.11,205464,2.8,3.11,2.73,3.11,205464,0.0,1.0
2021-03-05,2.87,2.9396,2.61,2.76,236752,2.87,2.9396,2.61,2.76,236752,0.0,1.0
2021-03-08,2.76,2.89,2.72,2.87,127918,2.76,2.89,2.72,2.87,127918,0.0,1.0
2021-03-09,2.9,2.94,2.8,2.87,144480,2.9,2.94,2.8,2.87,144480,0.0,1.0
2021-03-10,2.98,3.0,2.86,2.92,238542,2.98,3.0,2.86,2.92,238542,0.0,1.0
2021-03-11,2.96,3.04,2.87,3.0235,387881,2.96,3.04,2.87,3.0235,387881,0.0,1.0
2021-03-12,3.05,3.08,2.8975,2.91,393195,3.05,3.08,2.8975,2.91,393195,0.0,1.0
2021-03-15,3.07,3.1733,3.0,3.12,121860,3.07,3.1733,3.0,3.12,121860,0.0,1.0
2021-03-16,3.24,3.24,3.05,3.09,179696,3.24,3.24,3.05,3.09,179696,0.0,1.0
2021-03-17,3.21,3.23,3.03,3.12,380790,3.21,3.23,3.03,3.12,380790,0.0,1.0
2021-03-18,3.06,3.2,3.04,3.11,80127,3.06,3.2,3.04,3.11,80127,0.0,1.0
2021-03-19,3.05,3.2,3.04,3.06,253946,3.05,3.2,3.04,3.06,253946,0.0,1.0
2021-03-22,3.06,3.14,3.03,3.07,308529,3.06,3.14,3.03,3.07,308529,0.0,1.0
2021-03-23,2.84,3.15,2.8,3.065,543895,2.84,3.15,2.8,3.065,543895,0.0,1.0
2021-03-24,2.73,2.95,2.7,2.85,93748,2.73,2.95,2.7,2.85,93748,0.0,1.0
2021-03-25,2.69,2.7194,2.58,2.71,101875,2.69,2.7194,2.58,2.71,101875,0.0,1.0
2021-03-26,2.68,2.74,2.59,2.67,85068,2.68,2.74,2.59,2.67,85068,0.0,1.0
2021-03-29,2.65,2.78,2.6001,2.71,156632,2.65,2.78,2.6001,2.71,156632,0.0,1.0
2021-03-30,2.82,3.1228,2.7,3.07,1033825,2.82,3.1228,2.7,3.07,1033825,0.0,1.0
2021-03-31,2.77,2.81,2.69,2.73,153657,2.77,2.81,2.69,2.73,153657,0.0,1.0
2021-04-01,2.75,2.85,2.69,2.85,82576,2.75,2.85,2.69,2.85,82576,0.0,1.0
2021-04-05,2.86,2.87,2.7,2.8,160281,2.86,2.87,2.7,2.8,160281,0.0,1.0
2021-04-06,2.92,2.95,2.782,2.86,134138,2.92,2.95,2.782,2.86,134138,0.0,1.0
2021-04-07,2.83,2.906,2.77,2.81,168741,2.83,2.906,2.77,2.81,168741,0.0,1.0
2021-04-08,2.66,2.88,2.62,2.88,193719,2.66,2.88,2.62,2.88,193719,0.0,1.0
2021-04-09,2.67,2.74,2.6,2.62,292387,2.67,2.74,2.6,2.62,292387,0.0,1.0
2021-04-12,3.15,3.25,2.55,2.7,5160028,3.15,3.25,2.55,2.7,5160028,0.0,1.0
2021-04-13,2.78,3.29,2.7,3.02,2958077,2.78,3.29,2.7,3.02,2958077,0.0,1.0
2021-04-14,2.57,2.65,2.53,2.62,445084,2.57,2.65,2.53,2.62,445084,0.0,1.0
2021-04-15,2.54,2.65,2.44,2.57,333642,2.54,2.65,2.44,2.57,333642,0.0,1.0
2021-04-16,2.52,2.57,2.4,2.5,325621,2.52,2.57,2.4,2.5,325621,0.0,1.0
2021-04-19,2.46,2.51,2.34,2.5,336819,2.46,2.51,2.34,2.5,336819,0.0,1.0
2021-04-20,2.37,2.5199,2.31,2.47,210477,2.37,2.5199,2.31,2.47,210477,0.0,1.0
2021-04-21,2.47,2.49,2.35,2.38,289191,2.47,2.49,2.35,2.38,289191,0.0,1.0
2021-04-22,2.48,2.59,2.46,2.51,93352,2.48,2.59,2.46,2.51,93352,0.0,1.0
2021-04-23,2.54,2.6,2.52,2.52,71105,2.54,2.6,2.52,2.52,71105,0.0,1.0
2021-04-26,2.67,2.67,2.54,2.605,313220,2.67,2.67,2.54,2.605,313220,0.0,1.0
2021-04-27,2.69,2.77,2.6254,2.66,494431,2.69,2.77,2.6254,2.66,494431,0.0,1.0
2021-04-28,2.7,2.82,2.63,2.72,304746,2.7,2.82,2.63,2.72,304746,0.0,1.0
2021-04-29,2.62,2.7,2.57,2.7,63930,2.62,2.7,2.57,2.7,63930,0.0,1.0
2021-04-30,2.61,2.68,2.56,2.57,141810,2.61,2.68,2.56,2.57,141810,0.0,1.0
2021-05-03,2.63,2.711,2.5522,2.61,233533,2.63,2.711,2.5522,2.61,233533,0.0,1.0
2021-05-04,2.55,2.63,2.42,2.63,178740,2.55,2.63,2.42,2.63,178740,0.0,1.0
2021-05-05,2.55,2.64,2.484,2.64,120035,2.55,2.64,2.484,2.64,120035,0.0,1.0
2021-05-06,2.37,2.52,2.29,2.52,535773,2.37,2.52,2.29,2.52,535773,0.0,1.0
2021-05-07,2.38,2.45,2.3,2.37,104545,2.38,2.45,2.3,2.37,104545,0.0,1.0
2021-05-10,2.42,2.49,2.35,2.45,137919,2.42,2.49,2.35,2.45,137919,0.0,1.0
2021-05-11,2.36,2.42,2.28,2.34,297538,2.36,2.42,2.28,2.34,297538,0.0,1.0
2021-05-12,2.28,2.37,2.2,2.34,422367,2.28,2.37,2.2,2.34,422367,0.0,1.0
2021-05-13,2.1,2.31,2.05,2.26,252376,2.1,2.31,2.05,2.26,252376,0.0,1.0
2021-05-14,2.31,2.42,2.17,2.22,405569,2.31,2.42,2.17,2.22,405569,0.0,1.0
2021-05-17,2.28,2.4,2.23,2.4,59939,2.28,2.4,2.23,2.4,59939,0.0,1.0
2021-05-18,2.24,2.28,2.21,2.27,71350,2.24,2.28,2.21,2.27,71350,0.0,1.0
2021-05-19,2.15,2.23,2.1,2.23,255649,2.15,2.23,2.1,2.23,255649,0.0,1.0
2021-05-20,2.22,2.3,2.12,2.18,217452,2.22,2.3,2.12,2.18,217452,0.0,1.0
2021-05-21,2.3,2.32,2.18,2.22,325907,2.3,2.32,2.18,2.22,325907,0.0,1.0
2021-05-24,2.31,2.35,2.2501,2.29,161491,2.31,2.35,2.2501,2.29,161491,0.0,1.0
2021-05-25,2.4,2.49,2.32,2.35,396170,2.4,2.49,2.32,2.35,396170,0.0,1.0
2021-05-26,2.5,2.55,2.43,2.43,365894,2.5,2.55,2.43,2.43,365894,0.0,1.0
2021-05-27,2.36,2.7,2.32,2.421,971188,2.36,2.7,2.32,2.421,971188,0.0,1.0
2021-05-28,2.35,2.4,2.28,2.37,102435,2.35,2.4,2.28,2.37,102435,0.0,1.0
2021-06-01,2.39,2.44,2.33,2.35,171556,2.39,2.44,2.33,2.35,171556,0.0,1.0
2021-06-02,2.21,2.4196,2.15,2.4,606343,2.21,2.4196,2.15,2.4,606343,0.0,1.0
2021-06-03,2.33,2.33,2.15,2.1585,466747,2.33,2.33,2.15,2.1585,466747,0.0,1.0
2021-06-04,2.35,2.48,2.2669,2.34,493619,2.35,2.48,2.2669,2.34,493619,0.0,1.0
2021-06-07,2.41,2.4799,2.35,2.35,147431,2.41,2.4799,2.35,2.35,147431,0.0,1.0
2021-06-08,2.3,2.46,2.3,2.43,165425,2.3,2.46,2.3,2.43,165425,0.0,1.0
2021-06-09,2.31,2.4,2.27,2.32,151925,2.31,2.4,2.27,2.32,151925,0.0,1.0
2021-06-10,2.41,2.46,2.3073,2.34,210593,2.41,2.46,2.3073,2.34,210593,0.0,1.0
2021-06-11,2.49,2.49,2.32,2.43,234921,2.49,2.49,2.32,2.43,234921,0.0,1.0
2021-06-14,2.61,2.64,2.41,2.47,305255,2.61,2.64,2.41,2.47,305255,0.0,1.0
2021-06-15,2.56,2.75,2.45,2.62,222491,2.56,2.75,2.45,2.62,222491,0.0,1.0
2021-06-16,2.38,2.65,2.3,2.5,365330,2.38,2.65,2.3,2.5,365330,0.0,1.0
2021-06-17,2.53,2.84,2.5,2.6159,1597034,2.53,2.84,2.5,2.6159,1597034,0.0,1.0
2021-06-18,2.42,2.59,2.42,2.59,1000869,2.42,2.59,2.42,2.59,1000869,0.0,1.0
2021-06-21,2.36,2.52,2.32,2.42,240352,2.36,2.52,2.32,2.42,240352,0.0,1.0
2021-06-22,2.3,2.38,2.24,2.34,171750,2.3,2.38,2.24,2.34,171750,0.0,1.0
2021-06-23,2.41,2.57,2.39,2.48,416456,2.41,2.57,2.39,2.48,416456,0.0,1.0
2021-06-24,2.47,2.83,2.38,2.4,1236977,2.47,2.83,2.38,2.4,1236977,0.0,1.0
2021-06-25,2.5,2.52,2.358,2.47,311758,2.5,2.52,2.358,2.47,311758,0.0,1.0
2021-06-28,2.37,2.475,2.27,2.47,381536,2.37,2.475,2.27,2.47,381536,0.0,1.0
2021-06-29,2.34,2.4118,2.3,2.41,198627,2.34,2.4118,2.3,2.41,198627,0.0,1.0
2021-06-30,2.345,2.39,2.2899,2.31,331520,2.345,2.39,2.2899,2.31,331520,0.0,1.0
2021-07-01,2.35,2.5,2.28,2.38,511127,2.35,2.5,2.28,2.38,511127,0.0,1.0
2021-07-02,2.25,2.36,2.22,2.36,260380,2.25,2.36,2.22,2.36,260380,0.0,1.0
2021-07-06,2.22,2.32,2.2,2.27,324615,2.22,2.32,2.2,2.27,324615,0.0,1.0
2021-07-07,2.25,2.25,2.11,2.21,170100,2.25,2.25,2.11,2.21,170100,0.0,1.0
2021-07-08,2.25,2.3,2.15,2.19,251290,2.25,2.3,2.15,2.19,251290,0.0,1.0
2021-07-09,2.2,2.25,2.1,2.22,146769,2.2,2.25,2.1,2.22,146769,0.0,1.0
2021-07-12,2.17,2.23,2.15,2.23,86642,2.17,2.23,2.15,2.23,86642,0.0,1.0
2021-07-13,2.02,2.1426,2.0,2.14,373149,2.02,2.1426,2.0,2.14,373149,0.0,1.0
2021-07-14,2.03,2.1,2.0,2.04,435199,2.03,2.1,2.0,2.04,435199,0.0,1.0
2021-07-15,1.98,2.05,1.9516,2.03,251217,1.98,2.05,1.9516,2.03,251217,0.0,1.0
2021-07-16,1.9,2.06,1.89,1.97,409172,1.9,2.06,1.89,1.97,409172,0.0,1.0
2021-07-19,1.82,1.9,1.8001,1.85,197079,1.82,1.9,1.8001,1.85,197079,0.0,1.0
2021-07-20,1.84,1.84,1.73,1.8,465879,1.84,1.84,1.73,1.8,465879,0.0,1.0
2021-07-21,1.82,1.85,1.7801,1.81,266863,1.82,1.85,1.7801,1.81,266863,0.0,1.0
2021-07-22,1.815,1.84,1.79,1.81,258802,1.815,1.84,1.79,1.81,258802,0.0,1.0
2021-07-23,2.07,2.25,1.76,1.81,3321683,2.07,2.25,1.76,1.81,3321683,0.0,1.0
2021-07-26,1.94,2.125,1.9,2.02,748307,1.94,2.125,1.9,2.02,748307,0.0,1.0
2021-07-27,2.09,2.34,1.98,1.98,1634788,2.09,2.34,1.98,1.98,1634788,0.0,1.0
2021-07-28,2.01,2.13,2.01,2.06,373153,2.01,2.13,2.01,2.06,373153,0.0,1.0
2021-07-29,2.05,2.1,2.02,2.06,213050,2.05,2.1,2.02,2.06,213050,0.0,1.0
2021-07-30,2.13,2.23,2.0,2.04,1283238,2.13,2.23,2.0,2.04,1283238,0.0,1.0
2021-08-02,2.1,2.19,2.08,2.16,388928,2.1,2.19,2.08,2.16,388928,0.0,1.0
2021-08-03,2.08,2.15,2.0116,2.15,285654,2.08,2.15,2.0116,2.15,285654,0.0,1.0
2021-08-04,2.08,2.13,2.02,2.04,199614,2.08,2.13,2.02,2.04,199614,0.0,1.0
2021-08-05,2.04,2.0799,2.02,2.07,94986,2.04,2.0799,2.02,2.07,94986,0.0,1.0
2021-08-06,1.96,2.04,1.94,2.04,204364,1.96,2.04,1.94,2.04,204364,0.0,1.0
2021-08-09,2.01,2.01,1.9401,1.99,117559,2.01,2.01,1.9401,1.99,117559,0.0,1.0
2021-08-10,1.98,2.0,1.94,2.0,158300,1.98,2.0,1.94,2.0,158300,0.0,1.0
2021-08-11,1.94,2.0,1.92,1.96,211350,1.94,2.0,1.92,1.96,211350,0.0,1.0
2021-08-12,1.85,1.92,1.8,1.92,342800,1.85,1.92,1.8,1.92,342800,0.0,1.0
2021-08-13,1.72,1.8882,1.712,1.83,273764,1.72,1.8882,1.712,1.83,273764,0.0,1.0
2021-08-16,1.68,1.75,1.66,1.74,305258,1.68,1.75,1.66,1.74,305258,0.0,1.0
2021-08-17,1.74,1.87,1.7,1.75,1780486,1.74,1.87,1.7,1.75,1780486,0.0,1.0
2021-08-18,1.62,1.74,1.58,1.71,538988,1.62,1.74,1.58,1.71,538988,0.0,1.0
2021-08-19,1.61,1.64,1.55,1.59,161614,1.61,1.64,1.55,1.59,161614,0.0,1.0
2021-08-20,1.53,1.56,1.51,1.56,163465,1.53,1.56,1.51,1.56,163465,0.0,1.0
2021-08-23,1.52,1.54,1.46,1.5,275371,1.52,1.54,1.46,1.5,275371,0.0,1.0
2021-08-24,1.57,1.58,1.47,1.52,438501,1.57,1.58,1.47,1.52,438501,0.0,1.0
2021-08-25,1.6,1.6,1.55,1.57,144540,1.6,1.6,1.55,1.57,144540,0.0,1.0
2021-08-26,1.62,1.66,1.6033,1.62,122233,1.62,1.66,1.6033,1.62,122233,0.0,1.0
2021-08-27,1.64,1.66,1.581,1.59,114582,1.64,1.66,1.581,1.59,114582,0.0,1.0
2021-08-30,1.58,1.65,1.54,1.62,248562,1.58,1.65,1.54,1.62,248562,0.0,1.0
2021-08-31,1.66,1.71,1.63,1.71,308897,1.66,1.71,1.63,1.71,308897,0.0,1.0
2021-09-01,1.65,1.7,1.63,1.6591,76039,1.65,1.7,1.63,1.6591,76039,0.0,1.0
2021-09-02,2.0,2.1,1.83,1.85,14120270,2.0,2.1,1.83,1.85,14120270,0.0,1.0
2021-09-03,2.08,2.09,1.87,1.97,1808138,2.08,2.09,1.87,1.97,1808138,0.0,1.0
2021-09-07,1.99,2.05,1.8762,2.01,585334,1.99,2.05,1.8762,2.01,585334,0.0,1.0
2021-09-08,1.93,1.96,1.88,1.91,228938,1.93,1.96,1.88,1.91,228938,0.0,1.0
2021-09-09,1.96,2.01,1.83,1.84,417901,1.96,2.01,1.83,1.84,417901,0.0,1.0
2021-09-10,1.9,1.97,1.8601,1.97,136668,1.9,1.97,1.8601,1.97,136668,0.0,1.0
2021-09-13,1.705,1.87,1.7,1.87,324591,1.705,1.87,1.7,1.87,324591,0.0,1.0
2021-09-14,1.66,1.76,1.65,1.76,145757,1.66,1.76,1.65,1.76,145757,0.0,1.0
2021-09-15,1.72,1.8,1.6,1.63,917022,1.72,1.8,1.6,1.63,917022,0.0,1.0
2021-09-16,1.67,1.7,1.64,1.7,106048,1.67,1.7,1.64,1.7,106048,0.0,1.0
2021-09-17,1.7,1.7,1.62,1.67,148573,1.7,1.7,1.62,1.67,148573,0.0,1.0
2021-09-20,1.62,1.6296,1.55,1.57,180734,1.62,1.6296,1.55,1.57,180734,0.0,1.0
2021-09-21,1.62,1.64,1.56,1.64,119914,1.62,1.64,1.56,1.64,119914,0.0,1.0
2021-09-22,1.6,1.6,1.5569,1.59,175320,1.6,1.6,1.5569,1.59,175320,0.0,1.0
2021-09-23,1.59,1.6,1.56,1.57,126415,1.59,1.6,1.56,1.57,126415,0.0,1.0
2021-09-24,1.51,1.58,1.5,1.58,252003,1.51,1.58,1.5,1.58,252003,0.0,1.0
2021-09-27,1.57,1.59,1.4683,1.5,210196,1.57,1.59,1.4683,1.5,210196,0.0,1.0
2021-09-28,1.47,1.5696,1.4508,1.55,295194,1.47,1.5696,1.4508,1.55,295194,0.0,1.0
2021-09-29,1.45,1.48,1.44,1.48,115056,1.45,1.48,1.44,1.48,115056,0.0,1.0
2021-09-30,1.46,1.47,1.43,1.45,89646,1.46,1.47,1.43,1.45,89646,0.0,1.0
2021-10-01,1.43,1.45,1.41,1.45,75428,1.43,1.45,1.41,1.45,75428,0.0,1.0
2021-10-04,1.41,1.43,1.39,1.41,88847,1.41,1.43,1.39,1.41,88847,0.0,1.0
2021-10-05,1.41,1.4326,1.37,1.4,137925,1.41,1.4326,1.37,1.4,137925,0.0,1.0
2021-10-06,1.42,1.45,1.36,1.38,67763,1.42,1.45,1.36,1.38,67763,0.0,1.0
2021-10-07,1.4,1.42,1.38,1.41,58926,1.4,1.42,1.38,1.41,58926,0.0,1.0
2021-10-08,1.4,1.45,1.38,1.39,62363,1.4,1.45,1.38,1.39,62363,0.0,1.0
2021-10-11,1.45,1.469,1.41,1.41,44839,1.45,1.469,1.41,1.41,44839,0.0,1.0
2021-10-12,1.46,1.48,1.42,1.44,60902,1.46,1.48,1.42,1.44,60902,0.0,1.0
2021-10-13,1.53,1.54,1.46,1.46,120923,1.53,1.54,1.46,1.46,120923,0.0,1.0
2021-10-14,1.55,1.57,1.515,1.56,59846,1.55,1.57,1.515,1.56,59846,0.0,1.0
2021-10-15,1.51,1.55,1.48,1.52,89688,1.51,1.55,1.48,1.52,89688,0.0,1.0
2021-10-18,1.53,1.53,1.48,1.51,75854,1.53,1.53,1.48,1.51,75854,0.0,1.0
2021-10-19,1.47,1.5299,1.47,1.52,79357,1.47,1.5299,1.47,1.52,79357,0.0,1.0
2021-10-20,1.66,1.6799,1.47,1.48,321067,1.66,1.6799,1.47,1.48,321067,0.0,1.0
2021-10-21,1.5,1.7,1.5,1.7,79989,1.5,1.7,1.5,1.7,79989,0.0,1.0
2021-10-22,1.51,1.54,1.45,1.53,147293,1.51,1.54,1.45,1.53,147293,0.0,1.0
2021-10-25,1.65,1.69,1.48,1.51,111256,1.65,1.69,1.48,1.51,111256,0.0,1.0
2021-10-26,1.62,1.68,1.5501,1.65,161748,1.62,1.68,1.5501,1.65,161748,0.0,1.0
2021-10-27,1.65,1.69,1.5783,1.6,61445,1.65,1.69,1.5783,1.6,61445,0.0,1.0
2021-10-28,1.62,1.63,1.58,1.59,109121,1.62,1.63,1.58,1.59,109121,0.0,1.0
2021-10-29,1.56,1.64,1.54,1.62,71445,1.56,1.64,1.54,1.62,71445,0.0,1.0
2021-11-01,1.63,1.64,1.57,1.62,59537,1.63,1.64,1.57,1.62,59537,0.0,1.0
2021-11-02,1.61,1.63,1.55,1.63,69755,1.61,1.63,1.55,1.63,69755,0.0,1.0
2021-11-03,1.6,1.63,1.6,1.61,77971,1.6,1.63,1.6,1.61,77971,0.0,1.0
2021-11-04,1.61,1.67,1.58,1.62,214680,1.61,1.67,1.58,1.62,214680,0.0,1.0
2021-11-05,1.54,1.6,1.54,1.58,99765,1.54,1.6,1.54,1.58,99765,0.0,1.0
2021-11-08,1.5,1.5501,1.47,1.54,103745,1.5,1.5501,1.47,1.54,103745,0.0,1.0
2021-11-09,1.45,1.5,1.41,1.5,162244,1.45,1.5,1.41,1.5,162244,0.0,1.0
2021-11-10,1.42,1.4899,1.42,1.45,77857,1.42,1.4899,1.42,1.45,77857,0.0,1.0
2021-11-11,1.38,1.42,1.37,1.41,168514,1.38,1.42,1.37,1.41,168514,0.0,1.0
2021-11-12,1.39,1.41,1.31,1.4,119930,1.39,1.41,1.31,1.4,119930,0.0,1.0
2021-11-15,1.42,1.47,1.39,1.4,154654,1.42,1.47,1.39,1.4,154654,0.0,1.0
2021-11-16,1.38,1.46,1.38,1.45,131549,1.38,1.46,1.38,1.45,131549,0.0,1.0
2021-11-17,1.39,1.449,1.35,1.449,93385,1.39,1.449,1.35,1.449,93385,0.0,1.0
2021-11-18,1.44,1.47,1.4,1.41,214312,1.44,1.47,1.4,1.41,214312,0.0,1.0
2021-11-19,1.39,1.4349,1.35,1.42,94710,1.39,1.4349,1.35,1.42,94710,0.0,1.0
2021-11-22,1.35,1.42,1.31,1.42,101817,1.35,1.42,1.31,1.42,101817,0.0,1.0
2021-11-23,1.26,1.3741,1.18,1.36,99249,1.26,1.3741,1.18,1.36,99249,0.0,1.0
2021-11-24,1.31,1.31,1.24,1.24,21278,1.31,1.31,1.24,1.24,21278,0.0,1.0
2021-11-26,1.32,1.35,1.241,1.33,42742,1.32,1.35,1.241,1.33,42742,0.0,1.0
2021-11-29,1.25,1.36,1.25,1.34,47234,1.25,1.36,1.25,1.34,47234,0.0,1.0
2021-11-30,1.26,1.26,1.17,1.17,123781,1.26,1.26,1.17,1.17,123781,0.0,1.0
2021-12-01,1.2,1.27,1.2,1.23,82961,1.2,1.27,1.2,1.23,82961,0.0,1.0
2021-12-02,1.16,1.3,1.13,1.25,59933,1.16,1.3,1.13,1.25,59933,0.0,1.0
2021-12-03,1.06,1.22,1.055,1.14,214295,1.06,1.22,1.055,1.14,214295,0.0,1.0
2021-12-06,1.13,1.2,1.03,1.07,120256,1.13,1.2,1.03,1.07,120256,0.0,1.0
2021-12-07,1.22,1.29,1.067,1.067,113404,1.22,1.29,1.067,1.067,113404,0.0,1.0
2021-12-08,1.25,1.3,1.2,1.27,60602,1.25,1.3,1.2,1.27,60602,0.0,1.0
2021-12-09,1.22,1.2999,1.2113,1.24,33822,1.22,1.2999,1.2113,1.24,33822,0.0,1.0
2021-12-10,1.19,1.25,1.14,1.25,80060,1.19,1.25,1.14,1.25,80060,0.0,1.0
2021-12-13,1.14,1.19,1.085,1.17,225651,1.14,1.19,1.085,1.17,225651,0.0,1.0
2021-12-14,0.995,1.13,0.9621,1.11,298137,0.995,1.13,0.9621,1.11,298137,0.0,1.0
2021-12-15,1.1,1.11,0.995,0.995,194520,1.1,1.11,0.995,0.995,194520,0.0,1.0
2021-12-16,1.05,1.09,0.9805,1.03,173874,1.05,1.09,0.9805,1.03,173874,0.0,1.0
2021-12-17,0.941,1.09,0.941,1.05,495172,0.941,1.09,0.941,1.05,495172,0.0,1.0
2021-12-20,0.97,0.98,0.85,0.96,180191,0.97,0.98,0.85,0.96,180191,0.0,1.0
2021-12-21,0.9495,0.9879,0.9,0.9409,161328,0.9495,0.9879,0.9,0.9409,161328,0.0,1.0
2021-12-22,0.9525,0.998,0.93,0.95,144040,0.9525,0.998,0.93,0.95,144040,0.0,1.0
2021-12-23,0.9616,0.9968,0.9416,0.9416,104788,0.9616,0.9968,0.9416,0.9416,104788,0.0,1.0
2021-12-27,0.92,0.96,0.9,0.9279,198973,0.92,0.96,0.9,0.9279,198973,0.0,1.0
2021-12-28,0.8901,0.945,0.8842,0.92,118098,0.8901,0.945,0.8842,0.92,118098,0.0,1.0
2021-12-29,0.9531,0.969899,0.895,0.91,132518,0.9531,0.969899,0.895,0.91,132518,0.0,1.0
2021-12-30,0.9601,0.97,0.9101,0.94,165055,0.9601,0.97,0.9101,0.94,165055,0.0,1.0
2021-12-31,0.96,0.9992,0.92,0.9601,290188,0.96,0.9992,0.92,0.9601,290188,0.0,1.0
2022-01-03,1.09,1.19,0.92596,0.9899,165823,1.09,1.19,0.92596,0.9899,165823,0.0,1.0
2022-01-04,1.04,1.14,1.02,1.05,81449,1.04,1.14,1.02,1.05,81449,0.0,1.0
2022-01-05,1.03,1.15,1.02,1.15,117621,1.03,1.15,1.02,1.15,117621,0.0,1.0
2022-01-06,1.02,1.11,1.0,1.02,154088,1.02,1.11,1.0,1.02,154088,0.0,1.0
2022-01-07,0.9948,1.021,0.98,0.99,52520,0.9948,1.021,0.98,0.99,52520,0.0,1.0
2022-01-10,0.9365,1.04,0.89,0.96,390428,0.9365,1.04,0.89,0.96,390428,0.0,1.0
2022-01-11,0.8843,0.97,0.8496,0.93,123193,0.8843,0.97,0.8496,0.93,123193,0.0,1.0
2022-01-12,0.888,0.9333,0.86,0.8742,56677,0.888,0.9333,0.86,0.8742,56677,0.0,1.0
2022-01-13,0.8279,0.92,0.809901,0.875,103150,0.8279,0.92,0.809901,0.875,103150,0.0,1.0
2022-01-14,0.83,0.832,0.78,0.8,118354,0.83,0.832,0.78,0.8,118354,0.0,1.0
2022-01-18,0.8797,0.88,0.85,0.85,162798,0.8797,0.88,0.85,0.85,162798,0.0,1.0
2022-01-19,0.8598,0.87,0.85,0.86,76698,0.8598,0.87,0.85,0.86,76698,0.0,1.0
2022-01-20,0.8983,0.92,0.85,0.85,90746,0.8983,0.92,0.85,0.85,90746,0.0,1.0
2022-01-21,0.8027,0.909099,0.8,0.9,239485,0.8027,0.909099,0.8,0.9,239485,0.0,1.0
2022-01-24,0.8246,0.8979,0.66,0.79,496916,0.8246,0.8979,0.66,0.79,496916,0.0,1.0
2022-01-25,0.85,0.86,0.7736,0.7736,63570,0.85,0.86,0.7736,0.7736,63570,0.0,1.0
2022-01-26,0.7895,0.8502,0.7736,0.8245,96999,0.7895,0.8502,0.7736,0.8245,96999,0.0,1.0
2022-01-27,0.8499,0.92,0.7954,0.8289,142021,0.8499,0.92,0.7954,0.8289,142021,0.0,1.0
2022-01-28,0.8011,0.889999,0.79,0.86,88436,0.8011,0.889999,0.79,0.86,88436,0.0,1.0
2022-01-31,0.83,0.847,0.7736,0.8011,50387,0.83,0.847,0.7736,0.8011,50387,0.0,1.0
2022-02-01,0.819,0.872899,0.7736,0.8045,42948,0.819,0.872899,0.7736,0.8045,42948,0.0,1.0
2022-02-02,0.8262,0.8366,0.7798,0.7798,56869,0.8262,0.8366,0.7798,0.7798,56869,0.0,1.0
2022-02-03,0.7994,0.81,0.78,0.81,56159,0.7994,0.81,0.78,0.81,56159,0.0,1.0
2022-02-04,0.7735,0.829,0.76,0.8,88094,0.7735,0.829,0.76,0.8,88094,0.0,1.0
2022-02-07,0.759,0.8,0.7,0.8,57896,0.759,0.8,0.7,0.8,57896,0.0,1.0
2022-02-08,0.78,0.784903,0.72,0.7202,74060,0.78,0.784903,0.72,0.7202,74060,0.0,1.0
2022-02-09,0.7475,0.8,0.722,0.744,176871,0.7475,0.8,0.722,0.744,176871,0.0,1.0
2022-02-10,0.79,0.796,0.73,0.73,68048,0.79,0.796,0.73,0.73,68048,0.0,1.0
2022-02-11,0.7399,0.7755,0.7212,0.7755,132511,0.7399,0.7755,0.7212,0.7755,132511,0.0,1.0
2022-02-14,0.6875,0.7645,0.680001,0.7,115770,0.6875,0.7645,0.680001,0.7,115770,0.0,1.0
2022-02-15,0.6996,0.725,0.672,0.725,36814,0.6996,0.725,0.672,0.725,36814,0.0,1.0
2022-02-16,0.7099,0.715051,0.7,0.71,65920,0.7099,0.715051,0.7,0.71,65920,0.0,1.0
2022-02-17,0.7169,0.724999,0.71,0.7102,32921,0.7169,0.724999,0.71,0.7102,32921,0.0,1.0
2022-02-18,0.6681,0.74,0.65,0.74,97749,0.6681,0.74,0.65,0.74,97749,0.0,1.0
2022-02-22,0.6632,0.7,0.59,0.6006,145595,0.6632,0.7,0.59,0.6006,145595,0.0,1.0
2022-02-23,0.6601,0.6999,0.62,0.65,97544,0.6601,0.6999,0.62,0.65,97544,0.0,1.0
2022-02-24,0.6201,0.6399,0.5301,0.54,41369,0.6201,0.6399,0.5301,0.54,41369,0.0,1.0
2022-02-25,0.67,0.6903,0.6201,0.6205,79430,0.67,0.6903,0.6201,0.6205,79430,0.0,1.0
2022-02-28,0.6501,0.7,0.63,0.7,87913,0.6501,0.7,0.63,0.7,87913,0.0,1.0
2022-03-01,0.771,0.771,0.66,0.66,295016,0.771,0.771,0.66,0.66,295016,0.0,1.0
2022-03-02,0.815,0.8223,0.73,0.7478,126927,0.815,0.8223,0.73,0.7478,126927,0.0,1.0
2022-03-03,0.8683,0.8924,0.76,0.82,153034,0.8683,0.8924,0.76,0.82,153034,0.0,1.0
2022-03-04,0.9167,0.99,0.82,0.82,433979,0.9167,0.99,0.82,0.82,433979,0.0,1.0
2022-03-07,0.8151,0.94,0.815,0.93,85570,0.8151,0.94,0.815,0.93,85570,0.0,1.0
2022-03-08,0.788,0.8101,0.7101,0.7101,67231,0.788,0.8101,0.7101,0.7101,67231,0.0,1.0
2022-03-09,0.7328,0.788,0.7328,0.788,75405,0.7328,0.788,0.7328,0.788,75405,0.0,1.0
2022-03-10,0.9557,1.05,0.86,0.95,8439778,0.9557,1.05,0.86,0.95,8439778,0.0,1.0
2022-03-11,1.04,1.05,0.89,0.9,734055,1.04,1.05,0.89,0.9,734055,0.0,1.0
2022-03-14,1.05,1.13,0.958,1.01,523208,1.05,1.13,0.958,1.01,523208,0.0,1.0
2022-03-15,0.9746,1.09,0.89,1.05,381074,0.9746,1.09,0.89,1.05,381074,0.0,1.0
2022-03-16,1.02,1.08,0.949,0.9629,102629,1.02,1.08,0.949,0.9629,102629,0.0,1.0
2022-03-17,1.08,1.11,1.0204,1.06,177509,1.08,1.11,1.0204,1.06,177509,0.0,1.0
2022-03-18,1.16,1.16,1.05,1.05,170932,1.16,1.16,1.05,1.05,170932,0.0,1.0
2022-03-21,1.19,1.21,1.16,1.16,167468,1.19,1.21,1.16,1.16,167468,0.0,1.0
2022-03-22,1.23,1.25,1.18,1.19,107793,1.23,1.25,1.18,1.19,107793,0.0,1.0
2022-03-23,1.25,1.38,1.2227,1.32,237834,1.25,1.38,1.2227,1.32,237834,0.0,1.0
2022-03-24,1.11,1.212,1.03,1.21,345246,1.11,1.212,1.03,1.21,345246,0.0,1.0
2022-03-25,1.16,1.19,1.13,1.15,179320,1.16,1.19,1.13,1.15,179320,0.0,1.0
2022-03-28,1.07,1.15,1.04,1.15,163512,1.07,1.15,1.04,1.15,163512,0.0,1.0
2022-03-29,1.07,1.08,1.03,1.04,57144,1.07,1.08,1.03,1.04,57144,0.0,1.0
2022-03-30,1.09,1.09,1.04,1.06,57190,1.09,1.09,1.04,1.06,57190,0.0,1.0
2022-03-31,1.05,1.06,1.01,1.04,36043,1.05,1.06,1.01,1.04,36043,0.0,1.0
2022-04-01,1.05,1.07,1.01,1.01,42535,1.05,1.07,1.01,1.01,42535,0.0,1.0
2022-04-04,1.04,1.09,0.97,1.09,86236,1.04,1.09,0.97,1.09,86236,0.0,1.0
2022-04-05,1.05,1.09,1.0,1.05,158777,1.05,1.09,1.0,1.05,158777,0.0,1.0
2022-04-06,1.03,1.04,1.0,1.04,95926,1.03,1.04,1.0,1.04,95926,0.0,1.0
2022-04-07,1.06,1.06,1.0,1.05,74198,1.06,1.06,1.0,1.05,74198,0.0,1.0
2022-04-08,1.0345,1.06,1.0,1.036,65604,1.0345,1.06,1.0,1.036,65604,0.0,1.0
2022-04-11,0.98,1.0398,0.978,1.02,289633,0.98,1.0398,0.978,1.02,289633,0.0,1.0
2022-04-12,0.97,1.0,0.92,1.0,160089,0.97,1.0,0.92,1.0,160089,0.0,1.0
2022-04-13,0.9701,0.9951,0.9606,0.9886,56734,0.9701,0.9951,0.9606,0.9886,56734,0.0,1.0
2022-04-14,0.9499,1.0,0.9499,0.996,84905,0.9499,1.0,0.9499,0.996,84905,0.0,1.0
2022-04-18,0.86,0.9499,0.86,0.9416,166196,0.86,0.9499,0.86,0.9416,166196,0.0,1.0
2022-04-19,0.94425,0.9863,0.8622,0.91,99853,0.94425,0.9863,0.8622,0.91,99853,0.0,1.0
2022-04-20,0.87,1.0,0.87,0.97,108770,0.87,1.0,0.87,0.97,108770,0.0,1.0
2022-04-21,0.95,0.95,0.85,0.88,55032,0.95,0.95,0.85,0.88,55032,0.0,1.0
2022-04-22,1.0,1.0,0.88,0.9338,63430,1.0,1.0,0.88,0.9338,63430,0.0,1.0
2022-04-25,0.895,0.99,0.85,0.99,84883,0.895,0.99,0.85,0.99,84883,0.0,1.0
2022-04-26,0.961851,0.98,0.88,0.88,98351,0.961851,0.98,0.88,0.88,98351,0.0,1.0
2022-04-27,0.99,1.04,0.92,0.9392,139966,0.99,1.04,0.92,0.9392,139966,0.0,1.0
2022-04-28,1.04,1.0405,0.98,0.9801,48057,1.04,1.0405,0.98,0.9801,48057,0.0,1.0
2022-04-29,1.02,1.05,1.0,1.0,59553,1.02,1.05,1.0,1.0,59553,0.0,1.0
2022-05-02,1.02,1.04,0.9601,1.02,66861,1.02,1.04,0.9601,1.02,66861,0.0,1.0
2022-05-03,0.91,1.04,0.91,0.9894,102424,0.91,1.04,0.91,0.9894,102424,0.0,1.0
2022-05-04,0.92,0.948,0.86505,0.924,54701,0.92,0.948,0.86505,0.924,54701,0.0,1.0
2022-05-05,0.91,0.948,0.86,0.89,35417,0.91,0.948,0.86,0.89,35417,0.0,1.0
2022-05-06,0.8601,0.9495,0.8601,0.88,80087,0.8601,0.9495,0.8601,0.88,80087,0.0,1.0
2022-05-09,0.8101,0.89,0.8,0.89,75572,0.8101,0.89,0.8,0.89,75572,0.0,1.0
2022-05-10,0.81,0.86,0.785,0.8101,63798,0.81,0.86,0.785,0.8101,63798,0.0,1.0
2022-05-11,0.73,0.799999,0.707,0.7944,117282,0.73,0.799999,0.707,0.7944,117282,0.0,1.0
2022-05-12,0.754151,0.7908,0.7081,0.7081,83007,0.754151,0.7908,0.7081,0.7081,83007,0.0,1.0
2022-05-13,0.782499,0.797,0.738,0.738,41109,0.782499,0.797,0.738,0.738,41109,0.0,1.0
2022-05-16,0.856801,0.8917,0.81,0.8313,49128,0.856801,0.8917,0.81,0.8313,49128,0.0,1.0
2022-05-17,0.9,0.9499,0.8307,0.8307,21372,0.9,0.9499,0.8307,0.8307,21372,0.0,1.0
2022-05-18,0.8501,0.91,0.811,0.811,15414,0.8501,0.91,0.811,0.811,15414,0.0,1.0
2022-05-19,0.9,0.91,0.814,0.8596,30633,0.9,0.91,0.814,0.8596,30633,0.0,1.0
2022-05-20,0.86,0.8922,0.8,0.8567,45338,0.86,0.8922,0.8,0.8567,45338,0.0,1.0
2022-05-23,0.7107,0.91,0.7,0.89,224213,0.7107,0.91,0.7,0.89,224213,0.0,1.0
2022-05-24,0.68,0.7463,0.670351,0.7463,132537,0.68,0.7463,0.670351,0.7463,132537,0.0,1.0
2022-05-25,0.705,0.723,0.6696,0.6696,33653,0.705,0.723,0.6696,0.6696,33653,0.0,1.0
2022-05-26,0.6688,0.74,0.6644,0.74,55139,0.6688,0.74,0.6644,0.74,55139,0.0,1.0
2022-05-27,0.66005,0.715,0.66,0.7,108408,0.66005,0.715,0.66,0.7,108408,0.0,1.0
